-- MySQL dump 10.11
--
-- Host: localhost    Database: cubric
-- ------------------------------------------------------
-- Server version	5.0.96

/*!40101 SET @OLD_CHARACTER_SET_CLIENT=@@CHARACTER_SET_CLIENT */;
/*!40101 SET @OLD_CHARACTER_SET_RESULTS=@@CHARACTER_SET_RESULTS */;
/*!40101 SET @OLD_COLLATION_CONNECTION=@@COLLATION_CONNECTION */;
/*!40101 SET NAMES utf8 */;
/*!40103 SET @OLD_TIME_ZONE=@@TIME_ZONE */;
/*!40103 SET TIME_ZONE='+00:00' */;
/*!40014 SET @OLD_UNIQUE_CHECKS=@@UNIQUE_CHECKS, UNIQUE_CHECKS=0 */;
/*!40014 SET @OLD_FOREIGN_KEY_CHECKS=@@FOREIGN_KEY_CHECKS, FOREIGN_KEY_CHECKS=0 */;
/*!40101 SET @OLD_SQL_MODE=@@SQL_MODE, SQL_MODE='NO_AUTO_VALUE_ON_ZERO' */;
/*!40111 SET @OLD_SQL_NOTES=@@SQL_NOTES, SQL_NOTES=0 */;

--
-- Table structure for table `disk_occupancy`
--

DROP TABLE IF EXISTS `disk_occupancy`;
/*!40101 SET @saved_cs_client     = @@character_set_client */;
/*!40101 SET character_set_client = utf8 */;
CREATE TABLE `disk_occupancy` (
  `id` int(10) unsigned NOT NULL auto_increment,
  `user_id` int(10) unsigned NOT NULL,
  `filespace_id` int(10) unsigned NOT NULL,
  `occupancy` bigint(20) unsigned NOT NULL,
  `modified_flag` int(10) unsigned default '0',
  `status_id` int(10) unsigned default '1',
  `create_time` int(10) unsigned NOT NULL,
  `create_user_id` int(10) unsigned NOT NULL,
  `update_time` int(10) unsigned default NULL,
  `update_user_id` int(10) unsigned default NULL,
  PRIMARY KEY  (`id`),
  KEY `fk_disk_occupancy_status_id` (`status_id`),
  KEY `fk_disk_occupancy_user_id` (`user_id`),
  KEY `fk_disk_occupancy_filespace_id` (`filespace_id`),
  CONSTRAINT `fk_disk_occupancy_status_id` FOREIGN KEY (`status_id`) REFERENCES `ref_status` (`id`),
  CONSTRAINT `fk_disk_occupancy_user_id` FOREIGN KEY (`user_id`) REFERENCES `user` (`id`),
  CONSTRAINT `fk_disk_occupancy_filespace_id` FOREIGN KEY (`filespace_id`) REFERENCES `ref_filespace` (`id`)
) ENGINE=InnoDB AUTO_INCREMENT=364 DEFAULT CHARSET=utf8;
/*!40101 SET character_set_client = @saved_cs_client */;

--
-- Dumping data for table `disk_occupancy`
--

LOCK TABLES `disk_occupancy` WRITE;
/*!40000 ALTER TABLE `disk_occupancy` DISABLE KEYS */;
INSERT INTO `disk_occupancy` VALUES (1,1,3,0,0,2,1395148208,1,NULL,NULL),(2,258,3,664056003768,0,2,1395148208,1,NULL,NULL),(3,216,3,205094484576,0,2,1395148208,1,NULL,NULL),(4,59,3,7200590999,0,2,1395148208,1,NULL,NULL),(5,6,3,2932416098,0,2,1395148208,1,NULL,NULL),(6,25,3,25631990514,0,2,1395148208,1,NULL,NULL),(7,225,3,64859188767,0,2,1395148208,1,NULL,NULL),(8,212,3,15484131,0,2,1395148208,1,NULL,NULL),(9,215,3,1666411161019,0,2,1395148208,1,NULL,NULL),(10,222,3,813113649259,0,2,1395148208,1,NULL,NULL),(11,233,3,18742549320,0,2,1395148208,1,NULL,NULL),(12,27,3,26091,0,2,1395148208,1,NULL,NULL),(13,62,3,59533869332,0,2,1395148208,1,NULL,NULL),(14,61,3,15901863516,0,2,1395148208,1,NULL,NULL),(15,78,3,25064,0,2,1395148208,1,NULL,NULL),(16,202,3,76540953233,0,2,1395148208,1,NULL,NULL),(17,187,3,246341530932,0,2,1395148208,1,NULL,NULL),(18,44,3,459986147451,0,2,1395148208,1,NULL,NULL),(19,170,3,12904300919,0,2,1395148208,1,NULL,NULL),(20,185,3,728852459413,0,2,1395148208,1,NULL,NULL),(21,3,3,22990925814,0,2,1395148208,1,NULL,NULL),(22,191,3,477458438,0,2,1395148208,1,NULL,NULL),(23,64,3,2047555,0,2,1395148208,1,NULL,NULL),(24,26,3,5619909,0,2,1395148208,1,NULL,NULL),(25,229,3,104156289,0,2,1395148208,1,NULL,NULL),(26,57,3,543679853855,0,2,1395148208,1,NULL,NULL),(27,54,3,10108581759,0,2,1395148208,1,NULL,NULL),(28,22,3,81582718,0,2,1395148208,1,NULL,NULL),(29,173,3,59405909345,0,2,1395148208,1,NULL,NULL),(30,157,3,133964786242,0,2,1395148208,1,NULL,NULL),(31,2,3,53608848214,0,2,1395148208,1,NULL,NULL),(32,255,3,81922533088,0,2,1395148208,1,NULL,NULL),(33,156,3,278600808788,0,2,1395148208,1,NULL,NULL),(34,28,3,546798208070,0,2,1395148208,1,NULL,NULL),(35,193,3,428926028,0,2,1395148208,1,NULL,NULL),(36,237,3,7689947,0,2,1395148208,1,NULL,NULL),(37,207,3,7411332442,0,2,1395148208,1,NULL,NULL),(38,198,3,3183602610,0,2,1395148208,1,NULL,NULL),(39,72,3,553770368,0,2,1395148208,1,NULL,NULL),(40,53,3,6373602862,0,2,1395148208,1,NULL,NULL),(41,52,3,550709975446,0,2,1395148208,1,NULL,NULL),(42,7,3,110282863657,0,2,1395148208,1,NULL,NULL),(43,221,3,1011711987839,0,2,1395148208,1,NULL,NULL),(44,41,3,2558,0,2,1395148208,1,NULL,NULL),(45,13,3,46250494718,0,2,1395148208,1,NULL,NULL),(46,249,3,35739700,0,2,1395148208,1,NULL,NULL),(47,247,3,67401574450,0,2,1395148208,1,NULL,NULL),(48,69,3,191704767613,0,2,1395148208,1,NULL,NULL),(49,47,3,2558,0,2,1395148208,1,NULL,NULL),(50,48,3,6211367119,0,2,1395148208,1,NULL,NULL),(51,70,3,2772445123,0,2,1395148208,1,NULL,NULL),(52,51,3,7910191111,0,2,1395148208,1,NULL,NULL),(53,46,3,5736178138,0,2,1395148208,1,NULL,NULL),(54,29,3,1995321283727,0,2,1395148208,1,NULL,NULL),(55,223,3,51042339589,0,2,1395148208,1,NULL,NULL),(56,218,3,78408564947,0,2,1395148208,1,NULL,NULL),(57,256,3,14961419,0,2,1395148208,1,NULL,NULL),(58,245,3,42874336433,0,2,1395148208,1,NULL,NULL),(59,43,3,46971602,0,2,1395148208,1,NULL,NULL),(60,220,3,175296346104,0,2,1395148208,1,NULL,NULL),(61,20,3,431061190,0,2,1395148208,1,NULL,NULL),(62,127,3,76231160669,0,2,1395148208,1,NULL,NULL),(63,124,3,213327222,0,2,1395148208,1,NULL,NULL),(64,123,3,2921283200,0,2,1395148208,1,NULL,NULL),(65,130,3,2558,0,2,1395148208,1,NULL,NULL),(66,136,3,2558,0,2,1395148208,1,NULL,NULL),(67,146,3,33682282,0,2,1395148208,1,NULL,NULL),(68,134,3,109946340304,0,2,1395148208,1,NULL,NULL),(69,125,3,632044814648,0,2,1395148208,1,NULL,NULL),(70,250,3,63435,0,2,1395148208,1,NULL,NULL),(71,121,3,9317553170,0,2,1395148208,1,NULL,NULL),(72,236,3,304014471414,0,2,1395148208,1,NULL,NULL),(73,238,3,1710753271418,0,2,1395148208,1,NULL,NULL),(74,35,3,1732920913,0,2,1395148208,1,NULL,NULL),(75,117,3,95012673,0,2,1395148208,1,NULL,NULL),(76,115,3,5736167397,0,2,1395148208,1,NULL,NULL),(77,114,3,5780020349,0,2,1395148208,1,NULL,NULL),(78,166,3,226097399570,0,2,1395148208,1,NULL,NULL),(79,111,3,90047217537,0,2,1395148208,1,NULL,NULL),(80,116,3,103573428503,0,2,1395148208,1,NULL,NULL),(81,122,3,113883895852,0,2,1395148208,1,NULL,NULL),(82,241,3,1793120561964,0,2,1395148208,1,NULL,NULL),(83,102,3,67821850,0,2,1395148208,1,NULL,NULL),(84,101,3,3076176082,0,2,1395148208,1,NULL,NULL),(85,147,3,517221648,0,2,1395148208,1,NULL,NULL),(86,144,3,1012093988,0,2,1395148208,1,NULL,NULL),(87,145,3,795925732,0,2,1395148208,1,NULL,NULL),(88,99,3,69572884930,0,2,1395148208,1,NULL,NULL),(89,100,3,529465475,0,2,1395148208,1,NULL,NULL),(90,107,3,520702793381,0,2,1395148208,1,NULL,NULL),(91,67,3,1092152947227,0,2,1395148208,1,NULL,NULL),(92,259,3,96902520275,0,2,1395148208,1,NULL,NULL),(93,68,3,467775751788,0,2,1395148208,1,NULL,NULL),(94,231,3,251681747827,0,2,1395148208,1,NULL,NULL),(95,211,3,732209649374,0,2,1395148208,1,NULL,NULL),(96,94,3,6222613576,0,2,1395148208,1,NULL,NULL),(97,86,3,7259489176,0,2,1395148208,1,NULL,NULL),(98,142,3,5798656856,0,2,1395148208,1,NULL,NULL),(99,139,3,5736236961,0,2,1395148208,1,NULL,NULL),(100,89,3,2558,0,2,1395148208,1,NULL,NULL),(101,91,3,6189693592,0,2,1395148208,1,NULL,NULL),(102,90,3,6694990881,0,2,1395148208,1,NULL,NULL),(103,129,3,6252441309,0,2,1395148208,1,NULL,NULL),(104,239,3,721359748,0,2,1395148208,1,NULL,NULL),(105,1,2,0,0,2,1395148261,1,NULL,NULL),(106,258,2,262738363437,0,2,1395148261,1,NULL,NULL),(107,227,2,137106,0,2,1395148261,1,NULL,NULL),(108,216,2,37013000658,0,2,1395148261,1,NULL,NULL),(109,59,2,515041450684,0,2,1395148261,1,NULL,NULL),(110,79,2,31209,0,2,1395148261,1,NULL,NULL),(111,58,2,22138992,0,2,1395148261,1,NULL,NULL),(112,203,2,76338852,0,2,1395148261,1,NULL,NULL),(113,6,2,226090267886,0,2,1395148261,1,NULL,NULL),(114,25,2,447163930164,0,2,1395148261,1,NULL,NULL),(115,225,2,35995769427,0,2,1395148261,1,NULL,NULL),(116,244,2,323555175,0,2,1395148261,1,NULL,NULL),(117,212,2,227411491808,0,2,1395148262,1,NULL,NULL),(118,215,2,415849848588,0,2,1395148262,1,NULL,NULL),(119,4,2,16423516580,0,2,1395148262,1,NULL,NULL),(120,5,2,14890488298,0,2,1395148262,1,NULL,NULL),(121,242,2,22000,0,2,1395148262,1,NULL,NULL),(122,10,2,91579,0,2,1395148262,1,NULL,NULL),(123,24,2,1245672,0,2,1395148262,1,NULL,NULL),(124,21,2,22512,0,2,1395148262,1,NULL,NULL),(125,188,2,353516256,0,2,1395148262,1,NULL,NULL),(126,222,2,758090046144,0,2,1395148262,1,NULL,NULL),(127,82,2,18930,0,2,1395148262,1,NULL,NULL),(128,182,2,58654271,0,2,1395148262,1,NULL,NULL),(129,81,2,180063,0,2,1395148262,1,NULL,NULL),(130,233,2,1682212839,0,2,1395148262,1,NULL,NULL),(131,219,2,934127,0,2,1395148262,1,NULL,NULL),(132,186,2,43115023,0,2,1395148262,1,NULL,NULL),(133,65,2,20808140707,0,2,1395148262,1,NULL,NULL),(134,63,2,76231,0,2,1395148262,1,NULL,NULL),(135,27,2,50948959743,0,2,1395148262,1,NULL,NULL),(136,181,2,23535,0,2,1395148262,1,NULL,NULL),(137,248,2,251383056552,0,2,1395148262,1,NULL,NULL),(138,175,2,121260960375,0,2,1395148262,1,NULL,NULL),(139,204,2,47398571,0,2,1395148262,1,NULL,NULL),(140,80,2,18156190762,0,2,1395148262,1,NULL,NULL),(141,60,2,20435817987,0,2,1395148262,1,NULL,NULL),(142,209,2,98742,0,2,1395148262,1,NULL,NULL),(143,206,2,6529510061,0,2,1395148262,1,NULL,NULL),(144,178,2,337955980,0,2,1395148262,1,NULL,NULL),(145,62,2,729531310587,0,2,1395148262,1,NULL,NULL),(146,61,2,421943026512,0,2,1395148262,1,NULL,NULL),(147,37,2,10931649928,0,2,1395148262,1,NULL,NULL),(148,171,2,4056086,0,2,1395148262,1,NULL,NULL),(149,78,2,23180327594,0,2,1395148262,1,NULL,NULL),(150,77,2,78866108,0,2,1395148262,1,NULL,NULL),(151,189,2,3378708543,0,2,1395148262,1,NULL,NULL),(152,202,2,15055515678,0,2,1395148262,1,NULL,NULL),(153,187,2,165822868886,0,2,1395148262,1,NULL,NULL),(154,44,2,244531661442,0,2,1395148262,1,NULL,NULL),(155,149,2,297688412,0,2,1395148262,1,NULL,NULL),(156,152,2,6356683710,0,2,1395148262,1,NULL,NULL),(157,154,2,34045537987,0,2,1395148262,1,NULL,NULL),(158,170,2,326316661441,0,2,1395148262,1,NULL,NULL),(159,155,2,257758764240,0,2,1395148262,1,NULL,NULL),(160,185,2,489628271415,0,2,1395148262,1,NULL,NULL),(161,234,2,1282022999,0,2,1395148262,1,NULL,NULL),(162,40,2,102226046808,0,2,1395148262,1,NULL,NULL),(163,3,2,354819440532,0,2,1395148262,1,NULL,NULL),(164,252,2,58885389135,0,2,1395148262,1,NULL,NULL),(165,253,2,383729981147,0,2,1395148262,1,NULL,NULL),(166,42,2,182011906819,0,2,1395148262,1,NULL,NULL),(167,191,2,13365336272,0,2,1395148262,1,NULL,NULL),(168,179,2,11499755236,0,2,1395148262,1,NULL,NULL),(169,64,2,85665650330,0,2,1395148262,1,NULL,NULL),(170,180,2,8881478271,0,2,1395148262,1,NULL,NULL),(171,150,2,156233993591,0,2,1395148262,1,NULL,NULL),(172,26,2,175908791788,0,2,1395148262,1,NULL,NULL),(173,229,2,308866896598,0,2,1395148262,1,NULL,NULL),(174,11,2,253672411008,0,2,1395148262,1,NULL,NULL),(175,56,2,160159941806,0,2,1395148262,1,NULL,NULL),(176,75,2,6170083304,0,2,1395148262,1,NULL,NULL),(177,55,2,123315585526,0,2,1395148262,1,NULL,NULL),(178,57,2,47546468400,0,2,1395148262,1,NULL,NULL),(179,176,2,6901405586,0,2,1395148262,1,NULL,NULL),(180,54,2,75941981,0,2,1395148262,1,NULL,NULL),(181,22,2,348858825574,0,2,1395148262,1,NULL,NULL),(182,173,2,261360958226,0,2,1395148262,1,NULL,NULL),(183,165,2,82793893876,0,2,1395148262,1,NULL,NULL),(184,201,2,69582,0,2,1395148262,1,NULL,NULL),(185,153,2,5282615461,0,2,1395148262,1,NULL,NULL),(186,160,2,181727498766,0,2,1395148262,1,NULL,NULL),(187,148,2,470020500,0,2,1395148262,1,NULL,NULL),(188,30,2,83365708142,0,2,1395148262,1,NULL,NULL),(189,157,2,314644708509,0,2,1395148262,1,NULL,NULL),(190,2,2,30010791235,0,2,1395148262,1,NULL,NULL),(191,255,2,453648129291,0,2,1395148262,1,NULL,NULL),(192,156,2,415629386907,0,2,1395148262,1,NULL,NULL),(193,151,2,9239408310,0,2,1395148262,1,NULL,NULL),(194,197,2,3524126,0,2,1395148262,1,NULL,NULL),(195,28,2,695369677030,0,2,1395148262,1,NULL,NULL),(196,193,2,277695879574,0,2,1395148262,1,NULL,NULL),(197,237,2,20805037375,0,2,1395148262,1,NULL,NULL),(198,207,2,169155170298,0,2,1395148262,1,NULL,NULL),(199,196,2,43193680162,0,2,1395148262,1,NULL,NULL),(200,34,2,370606862271,0,2,1395148262,1,NULL,NULL),(201,198,2,62207375366,0,2,1395148262,1,NULL,NULL),(202,74,2,115995954166,0,2,1395148262,1,NULL,NULL),(203,72,2,100282079638,0,2,1395148262,1,NULL,NULL),(204,73,2,9621355936,0,2,1395148262,1,NULL,NULL),(205,53,2,5767802226,0,2,1395148262,1,NULL,NULL),(206,52,2,520798957353,0,2,1395148262,1,NULL,NULL),(207,169,2,256762066095,0,2,1395148262,1,NULL,NULL),(208,7,2,163013643306,0,2,1395148262,1,NULL,NULL),(209,221,2,652634474755,0,2,1395148262,1,NULL,NULL),(210,41,2,403415809186,0,2,1395148262,1,NULL,NULL),(211,13,2,378726625907,0,2,1395148262,1,NULL,NULL),(212,249,2,520409834116,0,2,1395148262,1,NULL,NULL),(213,167,2,26093,0,2,1395148262,1,NULL,NULL),(214,257,2,109930687742,0,2,1395148262,1,NULL,NULL),(215,208,2,204714814247,0,2,1395148262,1,NULL,NULL),(216,247,2,614009452238,0,2,1395148262,1,NULL,NULL),(217,195,2,305730901,0,2,1395148262,1,NULL,NULL),(218,190,2,3779082931,0,2,1395148262,1,NULL,NULL),(219,210,2,10715025665,0,2,1395148262,1,NULL,NULL),(220,194,2,2160180544,0,2,1395148262,1,NULL,NULL),(221,199,2,46794185839,0,2,1395148262,1,NULL,NULL),(222,69,2,14713620,0,2,1395148262,1,NULL,NULL),(223,47,2,179463064,0,2,1395148262,1,NULL,NULL),(224,177,2,176099848166,0,2,1395148262,1,NULL,NULL),(225,48,2,42214103905,0,2,1395148262,1,NULL,NULL),(226,70,2,22060725273,0,2,1395148262,1,NULL,NULL),(227,50,2,29780428362,0,2,1395148262,1,NULL,NULL),(228,71,2,29514876230,0,2,1395148262,1,NULL,NULL),(229,51,2,83668593262,0,2,1395148262,1,NULL,NULL),(230,46,2,6543861076,0,2,1395148262,1,NULL,NULL),(231,49,2,314576986,0,2,1395148262,1,NULL,NULL),(232,192,2,511637050,0,2,1395148262,1,NULL,NULL),(233,45,2,3104784892,0,2,1395148262,1,NULL,NULL),(234,29,2,955176020044,0,2,1395148262,1,NULL,NULL),(235,223,2,663436136947,0,2,1395148262,1,NULL,NULL),(236,264,2,46094339093,0,2,1395148262,1,NULL,NULL),(237,218,2,490949399857,0,2,1395148262,1,NULL,NULL),(238,256,2,74869395268,0,2,1395148262,1,NULL,NULL),(239,224,2,125186886251,0,2,1395148262,1,NULL,NULL),(240,245,2,411718459465,0,2,1395148262,1,NULL,NULL),(241,217,2,235673082044,0,2,1395148262,1,NULL,NULL),(242,43,2,22542941111,0,2,1395148262,1,NULL,NULL),(243,174,2,23535,0,2,1395148262,1,NULL,NULL),(244,226,2,2882852892,0,2,1395148262,1,NULL,NULL),(245,220,2,254200558513,0,2,1395148262,1,NULL,NULL),(246,183,2,8079781701,0,2,1395148262,1,NULL,NULL),(247,33,2,2182847628,0,2,1395148262,1,NULL,NULL),(248,20,2,192558210692,0,2,1395148262,1,NULL,NULL),(249,172,2,5001903818,0,2,1395148262,1,NULL,NULL),(250,162,2,72261729237,0,2,1395148262,1,NULL,NULL),(251,163,2,9870490486,0,2,1395148262,1,NULL,NULL),(252,133,2,3195907651,0,2,1395148262,1,NULL,NULL),(253,127,2,138086771,0,2,1395148262,1,NULL,NULL),(254,132,2,7227330901,0,2,1395148262,1,NULL,NULL),(255,138,2,4234690222,0,2,1395148262,1,NULL,NULL),(256,124,2,273333105740,0,2,1395148262,1,NULL,NULL),(257,123,2,271846946085,0,2,1395148262,1,NULL,NULL),(258,135,2,9021417352,0,2,1395148262,1,NULL,NULL),(259,137,2,37976588031,0,2,1395148262,1,NULL,NULL),(260,128,2,107848395395,0,2,1395148262,1,NULL,NULL),(261,141,2,14837,0,2,1395148262,1,NULL,NULL),(262,130,2,2189382,0,2,1395148262,1,NULL,NULL),(263,131,2,185517240,0,2,1395148262,1,NULL,NULL),(264,136,2,38676343125,0,2,1395148262,1,NULL,NULL),(265,146,2,396354861234,0,2,1395148262,1,NULL,NULL),(266,134,2,65345854,0,2,1395148262,1,NULL,NULL),(267,125,2,446533021939,0,2,1395148262,1,NULL,NULL),(268,250,2,801366516608,0,2,1395148262,1,NULL,NULL),(269,200,2,35203397339,0,2,1395148262,1,NULL,NULL),(270,228,2,2607363710,0,2,1395148262,1,NULL,NULL),(271,164,2,6901742712,0,2,1395148262,1,NULL,NULL),(272,39,2,4442198,0,2,1395148262,1,NULL,NULL),(273,232,2,1035819496,0,2,1395148262,1,NULL,NULL),(274,121,2,325870910244,0,2,1395148262,1,NULL,NULL),(275,168,2,236280502,0,2,1395148262,1,NULL,NULL),(276,161,2,125130352,0,2,1395148262,1,NULL,NULL),(277,236,2,405641318448,0,2,1395148262,1,NULL,NULL),(278,238,2,620889016255,0,2,1395148262,1,NULL,NULL),(279,35,2,7228330,0,2,1395148262,1,NULL,NULL),(280,117,2,19716288666,0,2,1395148262,1,NULL,NULL),(281,115,2,9180768,0,2,1395148262,1,NULL,NULL),(282,114,2,5602206461,0,2,1395148262,1,NULL,NULL),(283,166,2,547083927340,0,2,1395148262,1,NULL,NULL),(284,111,2,363164832864,0,2,1395148262,1,NULL,NULL),(285,126,2,926953173882,0,2,1395148262,1,NULL,NULL),(286,119,2,159016026,0,2,1395148262,1,NULL,NULL),(287,120,2,26143696971,0,2,1395148262,1,NULL,NULL),(288,118,2,264598403974,0,2,1395148262,1,NULL,NULL),(289,112,2,1026244,0,2,1395148262,1,NULL,NULL),(290,116,2,336282763641,0,2,1395148262,1,NULL,NULL),(291,108,2,6049761066,0,2,1395148262,1,NULL,NULL),(292,110,2,39888357234,0,2,1395148262,1,NULL,NULL),(293,122,2,388359183826,0,2,1395148262,1,NULL,NULL),(294,18,2,34236257972,0,2,1395148262,1,NULL,NULL),(295,241,2,1019912906077,0,2,1395148262,1,NULL,NULL),(296,83,2,1059368476,0,2,1395148262,1,NULL,NULL),(297,251,2,345034216616,0,2,1395148262,1,NULL,NULL),(298,159,2,10908604716,0,2,1395148262,1,NULL,NULL),(299,158,2,3419059,0,2,1395148262,1,NULL,NULL),(300,184,2,1408043222,0,2,1395148262,1,NULL,NULL),(301,38,2,26093,0,2,1395148262,1,NULL,NULL),(302,103,2,9560746487,0,2,1395148262,1,NULL,NULL),(303,205,2,55451434,0,2,1395148262,1,NULL,NULL),(304,9,2,293901723943,0,2,1395148262,1,NULL,NULL),(305,105,2,58273297891,0,2,1395148262,1,NULL,NULL),(306,113,2,14308389459,0,2,1395148262,1,NULL,NULL),(307,102,2,347997827117,0,2,1395148262,1,NULL,NULL),(308,101,2,306283373255,0,2,1395148262,1,NULL,NULL),(309,98,2,24723190915,0,2,1395148262,1,NULL,NULL),(310,240,2,29618489371,0,2,1395148262,1,NULL,NULL),(311,109,2,5553440542,0,2,1395148262,1,NULL,NULL),(312,147,2,40033307664,0,2,1395148262,1,NULL,NULL),(313,144,2,119760066313,0,2,1395148262,1,NULL,NULL),(314,145,2,94294942205,0,2,1395148262,1,NULL,NULL),(315,99,2,329110592529,0,2,1395148262,1,NULL,NULL),(316,143,2,908054,0,2,1395148262,1,NULL,NULL),(317,106,2,3775493733,0,2,1395148262,1,NULL,NULL),(318,100,2,110179599138,0,2,1395148262,1,NULL,NULL),(319,230,2,89991628343,0,2,1395148262,1,NULL,NULL),(320,104,2,121168864705,0,2,1395148262,1,NULL,NULL),(321,140,2,21083804397,0,2,1395148262,1,NULL,NULL),(322,107,2,155667583501,0,2,1395148262,1,NULL,NULL),(323,67,2,189476902028,0,2,1395148262,1,NULL,NULL),(324,259,2,125519446406,0,2,1395148262,1,NULL,NULL),(325,68,2,129141809129,0,2,1395148262,1,NULL,NULL),(326,213,2,2558,0,2,1395148262,1,NULL,NULL),(327,15,2,1068657,0,2,1395148262,1,NULL,NULL),(328,96,2,85269010729,0,2,1395148262,1,NULL,NULL),(329,97,2,26093,0,2,1395148262,1,NULL,NULL),(330,262,2,63440,0,2,1395148262,1,NULL,NULL),(331,231,2,46039707067,0,2,1395148262,1,NULL,NULL),(332,214,2,2024178,0,2,1395148262,1,NULL,NULL),(333,211,2,400888152821,0,2,1395148262,1,NULL,NULL),(334,261,2,2171998709,0,2,1395148262,1,NULL,NULL),(335,32,2,54689197586,0,2,1395148262,1,NULL,NULL),(336,23,2,444223122,0,2,1395148262,1,NULL,NULL),(337,254,2,9194359282,0,2,1395148262,1,NULL,NULL),(338,17,2,1391298675,0,2,1395148262,1,NULL,NULL),(339,246,2,20145275270,0,2,1395148262,1,NULL,NULL),(340,93,2,4336854470,0,2,1395148262,1,NULL,NULL),(341,94,2,6494047950,0,2,1395148262,1,NULL,NULL),(342,87,2,27353323584,0,2,1395148262,1,NULL,NULL),(343,95,2,2780045504,0,2,1395148262,1,NULL,NULL),(344,86,2,7896868746,0,2,1395148262,1,NULL,NULL),(345,142,2,5264181905,0,2,1395148262,1,NULL,NULL),(346,139,2,4826213735,0,2,1395148262,1,NULL,NULL),(347,88,2,13622672,0,2,1395148262,1,NULL,NULL),(348,89,2,7317313,0,2,1395148262,1,NULL,NULL),(349,91,2,5087674785,0,2,1395148262,1,NULL,NULL),(350,90,2,9862477809,0,2,1395148262,1,NULL,NULL),(351,129,2,6564501767,0,2,1395148262,1,NULL,NULL),(352,92,2,295577874,0,2,1395148262,1,NULL,NULL),(353,85,2,30824979828,0,2,1395148262,1,NULL,NULL),(354,8,2,11859344545,0,2,1395148262,1,NULL,NULL),(355,239,2,1182084700,0,2,1395148262,1,NULL,NULL),(356,84,2,14836,0,2,1395148262,1,NULL,NULL),(357,12,2,176610419,0,2,1395148262,1,NULL,NULL),(358,260,2,15250926878,0,2,1395148262,1,NULL,NULL),(359,19,2,209035576651,0,2,1395148262,1,NULL,NULL),(360,263,2,10508721065,0,2,1395148262,1,NULL,NULL),(361,31,2,138413986,0,2,1395148262,1,NULL,NULL),(362,235,2,14836,0,2,1395148262,1,NULL,NULL),(363,66,2,14836,0,2,1395148262,1,NULL,NULL);
/*!40000 ALTER TABLE `disk_occupancy` ENABLE KEYS */;
UNLOCK TABLES;

--
-- Table structure for table `ref_filespace`
--

DROP TABLE IF EXISTS `ref_filespace`;
/*!40101 SET @saved_cs_client     = @@character_set_client */;
/*!40101 SET character_set_client = utf8 */;
CREATE TABLE `ref_filespace` (
  `id` int(10) unsigned NOT NULL auto_increment,
  `code` varchar(512) NOT NULL,
  `name` varchar(512) NOT NULL,
  `description` varchar(512) NOT NULL,
  `title` varchar(128) default NULL,
  `display` int(11) default '1',
  `sort_order` int(11) default '100',
  `bit_flag` int(11) default '0',
  `modified_flag` int(10) unsigned default '0',
  `status_id` int(10) unsigned default '1',
  `create_time` int(10) unsigned NOT NULL,
  `create_usr_id` int(10) unsigned NOT NULL,
  `update_time` int(10) unsigned default NULL,
  `update_usr_id` int(10) unsigned default NULL,
  PRIMARY KEY  (`id`),
  KEY `fk_ref_filespace_status_id` (`status_id`),
  CONSTRAINT `fk_ref_filespace_status_id` FOREIGN KEY (`status_id`) REFERENCES `ref_status` (`id`)
) ENGINE=InnoDB AUTO_INCREMENT=4 DEFAULT CHARSET=utf8;
/*!40101 SET character_set_client = @saved_cs_client */;

--
-- Dumping data for table `ref_filespace`
--

LOCK TABLES `ref_filespace` WRITE;
/*!40000 ALTER TABLE `ref_filespace` DISABLE KEYS */;
INSERT INTO `ref_filespace` VALUES (1,'null','null','null','no value',0,100,0,0,1,0,0,NULL,NULL),(2,'home','home','home','home',1,100,0,0,1,0,0,NULL,NULL),(3,'scratch','scratch','scratch','scratch',1,100,0,0,1,0,0,NULL,NULL);
/*!40000 ALTER TABLE `ref_filespace` ENABLE KEYS */;
UNLOCK TABLES;

--
-- Table structure for table `ref_logontype`
--

DROP TABLE IF EXISTS `ref_logontype`;
/*!40101 SET @saved_cs_client     = @@character_set_client */;
/*!40101 SET character_set_client = utf8 */;
CREATE TABLE `ref_logontype` (
  `id` int(10) unsigned NOT NULL auto_increment,
  `code` varchar(512) NOT NULL,
  `name` varchar(512) NOT NULL,
  `description` varchar(512) NOT NULL,
  `title` varchar(128) default NULL,
  `display` int(11) default '1',
  `sort_order` int(11) default '100',
  `bit_flag` int(11) default '0',
  `modified_flag` int(10) unsigned default '0',
  `status_id` int(10) unsigned default '1',
  `create_time` int(10) unsigned NOT NULL,
  `create_usr_id` int(10) unsigned NOT NULL,
  `update_time` int(10) unsigned default NULL,
  `update_usr_id` int(10) unsigned default NULL,
  PRIMARY KEY  (`id`),
  KEY `fk_ref_logontype_status_id` (`status_id`),
  CONSTRAINT `fk_ref_logontype_status_id` FOREIGN KEY (`status_id`) REFERENCES `ref_status` (`id`)
) ENGINE=InnoDB AUTO_INCREMENT=4 DEFAULT CHARSET=utf8;
/*!40101 SET character_set_client = @saved_cs_client */;

--
-- Dumping data for table `ref_logontype`
--

LOCK TABLES `ref_logontype` WRITE;
/*!40000 ALTER TABLE `ref_logontype` DISABLE KEYS */;
INSERT INTO `ref_logontype` VALUES (1,'null','null','null','no value',0,100,0,0,1,0,0,NULL,NULL),(2,'ldap','LDAP','LDAP','LDAP',1,100,0,0,1,0,0,NULL,NULL),(3,'db','Database','Database','Database',1,100,0,0,1,0,0,NULL,NULL);
/*!40000 ALTER TABLE `ref_logontype` ENABLE KEYS */;
UNLOCK TABLES;

--
-- Table structure for table `ref_researchgroup`
--

DROP TABLE IF EXISTS `ref_researchgroup`;
/*!40101 SET @saved_cs_client     = @@character_set_client */;
/*!40101 SET character_set_client = utf8 */;
CREATE TABLE `ref_researchgroup` (
  `id` int(10) unsigned NOT NULL auto_increment,
  `code` varchar(512) NOT NULL,
  `name` varchar(512) NOT NULL,
  `description` varchar(512) NOT NULL,
  `title` varchar(128) default NULL,
  `display` int(11) default '1',
  `sort_order` int(11) default '100',
  `bit_flag` int(11) default '0',
  `modified_flag` int(10) unsigned default '0',
  `status_id` int(10) unsigned default '1',
  `create_time` int(10) unsigned NOT NULL,
  `create_usr_id` int(10) unsigned NOT NULL,
  `update_time` int(10) unsigned default NULL,
  `update_usr_id` int(10) unsigned default NULL,
  PRIMARY KEY  (`id`),
  KEY `fk_ref_researchgroup_status_id` (`status_id`),
  CONSTRAINT `fk_ref_researchgroup_status_id` FOREIGN KEY (`status_id`) REFERENCES `ref_status` (`id`)
) ENGINE=InnoDB AUTO_INCREMENT=9 DEFAULT CHARSET=utf8;
/*!40101 SET character_set_client = @saved_cs_client */;

--
-- Dumping data for table `ref_researchgroup`
--

LOCK TABLES `ref_researchgroup` WRITE;
/*!40000 ALTER TABLE `ref_researchgroup` DISABLE KEYS */;
INSERT INTO `ref_researchgroup` VALUES (1,'null','null','null','no value',0,100,0,0,1,0,0,NULL,NULL),(2,'derek','Derek Jones','Derek Jones','Derek Jones',1,100,0,0,1,0,0,NULL,NULL),(3,'richard','Richard Wise','Richard Wise','Richard Wise',1,100,0,0,1,0,0,NULL,NULL),(4,'krish','Krish Singh','Krish Singh','Krish Singh',1,100,0,0,1,0,0,NULL,NULL),(5,'chris','Chris Chambers','Chris Chambers','Chris Chambers',1,100,0,0,1,0,0,NULL,NULL),(6,'kim','Kim Graham','Kim Graham','Kim Graham',1,100,0,0,1,0,0,NULL,NULL),(7,'david','David Linden','David Linden','David Linden',1,100,0,0,1,0,0,NULL,NULL),(8,'various','Various','Various','Various',1,100,0,0,1,0,0,NULL,NULL);
/*!40000 ALTER TABLE `ref_researchgroup` ENABLE KEYS */;
UNLOCK TABLES;

--
-- Table structure for table `ref_status`
--

DROP TABLE IF EXISTS `ref_status`;
/*!40101 SET @saved_cs_client     = @@character_set_client */;
/*!40101 SET character_set_client = utf8 */;
CREATE TABLE `ref_status` (
  `id` int(10) unsigned NOT NULL auto_increment,
  `code` varchar(512) NOT NULL,
  `name` varchar(512) NOT NULL,
  `description` varchar(512) NOT NULL,
  `title` varchar(128) default NULL,
  `display` int(11) default '1',
  `sort_order` int(11) default '100',
  `bit_flag` int(11) default '0',
  `modified_flag` int(10) unsigned default '0',
  `status_id` int(10) unsigned default '1',
  `create_time` int(10) unsigned NOT NULL,
  `create_usr_id` int(10) unsigned NOT NULL,
  `update_time` int(10) unsigned default NULL,
  `update_usr_id` int(10) unsigned default NULL,
  PRIMARY KEY  (`id`),
  KEY `fk_ref_status_status_id` (`status_id`),
  CONSTRAINT `fk_ref_status_status_id` FOREIGN KEY (`status_id`) REFERENCES `ref_status` (`id`)
) ENGINE=InnoDB AUTO_INCREMENT=6 DEFAULT CHARSET=utf8;
/*!40101 SET character_set_client = @saved_cs_client */;

--
-- Dumping data for table `ref_status`
--

LOCK TABLES `ref_status` WRITE;
/*!40000 ALTER TABLE `ref_status` DISABLE KEYS */;
INSERT INTO `ref_status` VALUES (1,'null','null','null','no value',0,100,0,0,1,0,0,NULL,NULL),(2,'active','active','active','active',1,100,0,0,1,0,0,NULL,NULL),(3,'inactive','inactive','inactive','inactive',1,100,0,0,1,0,0,NULL,NULL),(4,'cancelled','cancelled','cancelled','cancelled',1,100,0,0,1,0,0,NULL,NULL),(5,'pending','pending','pending','pending',1,100,0,0,1,0,0,NULL,NULL);
/*!40000 ALTER TABLE `ref_status` ENABLE KEYS */;
UNLOCK TABLES;

--
-- Table structure for table `research_groups`
--

DROP TABLE IF EXISTS `research_groups`;
/*!40101 SET @saved_cs_client     = @@character_set_client */;
/*!40101 SET character_set_client = utf8 */;
CREATE TABLE `research_groups` (
  `id` int(10) unsigned NOT NULL auto_increment,
  `user_id` int(10) unsigned NOT NULL,
  `researchgroup_id` int(10) unsigned NOT NULL,
  `modified_flag` int(10) unsigned default '0',
  `status_id` int(10) unsigned default '1',
  `create_time` int(10) unsigned NOT NULL,
  `create_user_id` int(10) unsigned NOT NULL,
  `update_time` int(10) unsigned default NULL,
  `update_user_id` int(10) unsigned default NULL,
  PRIMARY KEY  (`id`),
  KEY `fk_research_groups_status_id` (`status_id`),
  KEY `fk_research_groups_user_id` (`user_id`),
  KEY `fk_research_groups_researchgroup_id` (`researchgroup_id`),
  CONSTRAINT `fk_research_groups_status_id` FOREIGN KEY (`status_id`) REFERENCES `ref_status` (`id`),
  CONSTRAINT `fk_research_groups_user_id` FOREIGN KEY (`user_id`) REFERENCES `user` (`id`),
  CONSTRAINT `fk_research_groups_researchgroup_id` FOREIGN KEY (`researchgroup_id`) REFERENCES `ref_researchgroup` (`id`)
) ENGINE=InnoDB DEFAULT CHARSET=utf8;
/*!40101 SET character_set_client = @saved_cs_client */;

--
-- Dumping data for table `research_groups`
--

LOCK TABLES `research_groups` WRITE;
/*!40000 ALTER TABLE `research_groups` DISABLE KEYS */;
/*!40000 ALTER TABLE `research_groups` ENABLE KEYS */;
UNLOCK TABLES;

--
-- Table structure for table `user`
--

DROP TABLE IF EXISTS `user`;
/*!40101 SET @saved_cs_client     = @@character_set_client */;
/*!40101 SET character_set_client = utf8 */;
CREATE TABLE `user` (
  `id` int(10) unsigned NOT NULL auto_increment,
  `gender_id` int(10) unsigned default '1',
  `uid_number` int(10) unsigned NOT NULL,
  `gid_number` int(10) unsigned NOT NULL,
  `title_id` int(10) unsigned default '1',
  `logon_type_id` int(10) unsigned default '2',
  `forename` varchar(255) default NULL,
  `surname` varchar(255) default NULL,
  `known_as` varchar(255) default NULL,
  `id_man` varchar(255) default NULL,
  `hash` varchar(40) default NULL,
  `email` varchar(255) default NULL,
  `telephone` varchar(255) default NULL,
  `username` varchar(255) NOT NULL,
  `password` varchar(255) default NULL,
  `lang` varchar(8) default NULL,
  `dob` date default NULL,
  `modified_flag` int(10) unsigned default '0',
  `status_id` int(10) unsigned default '1',
  `create_time` int(10) unsigned NOT NULL,
  `create_user_id` int(10) unsigned NOT NULL,
  `update_time` int(10) unsigned default NULL,
  `update_user_id` int(10) unsigned default NULL,
  PRIMARY KEY  (`id`),
  KEY `fk_user_status_id` (`status_id`),
  KEY `fk_user_logontype_id` (`logon_type_id`),
  CONSTRAINT `fk_user_status_id` FOREIGN KEY (`status_id`) REFERENCES `ref_status` (`id`),
  CONSTRAINT `fk_user_logontype_id` FOREIGN KEY (`logon_type_id`) REFERENCES `ref_logontype` (`id`)
) ENGINE=InnoDB AUTO_INCREMENT=265 DEFAULT CHARSET=utf8;
/*!40101 SET character_set_client = @saved_cs_client */;

--
-- Dumping data for table `user`
--

LOCK TABLES `user` WRITE;
/*!40000 ALTER TABLE `user` DISABLE KEYS */;
INSERT INTO `user` VALUES (1,1,0,0,1,2,NULL,NULL,NULL,NULL,NULL,NULL,NULL,'system',NULL,NULL,NULL,0,1,1395148167,1,NULL,NULL),(2,1,224643,10073,1,2,'Jane\n','Klemen\n',NULL,NULL,NULL,'KlemenJ@cardiff.ac.uk\n',NULL,'sapjk\n',NULL,NULL,NULL,0,2,1395148169,1,NULL,NULL),(3,1,121913,10073,1,2,'John\n','Evans\n',NULL,NULL,NULL,'EvansJ31@cardiff.ac.uk\n',NULL,'sapje1\n',NULL,NULL,NULL,0,2,1395148169,1,NULL,NULL),(4,1,31181,10073,1,2,'John\n','Culling\n',NULL,NULL,NULL,'CULLINGJ@cardiff.ac.uk\n',NULL,'sapjc\n',NULL,NULL,NULL,0,2,1395148169,1,NULL,NULL),(5,1,31412,10073,1,2,'Justin\n','Savage\n',NULL,NULL,NULL,'SavageJC@cardiff.ac.uk\n',NULL,'sapjcs\n',NULL,NULL,NULL,0,2,1395148169,1,NULL,NULL),(6,1,19898,10073,1,2,'Jenni\n','Swettenham\n',NULL,NULL,NULL,'swettenhamjb@cardiff.ac.uk\n',NULL,'sapjbs\n',NULL,NULL,NULL,0,2,1395148169,1,NULL,NULL),(7,1,268237,10073,1,2,'Iain\n','Gilchrist\n',NULL,NULL,NULL,'GilchristI@cardiff.ac.uk\n',NULL,'sapig\n',NULL,NULL,NULL,0,2,1395148170,1,NULL,NULL),(8,1,1178193,10073,1,2,'Ian\n','Driver\n',NULL,NULL,NULL,'DriverI@cardiff.ac.uk\n',NULL,'sapid1\n',NULL,NULL,NULL,0,2,1395148170,1,NULL,NULL),(9,1,969765,10073,1,2,'Helen\n','Morgan\n',NULL,NULL,NULL,'MorganH20@cardiff.ac.uk\n',NULL,'saphm6\n',NULL,NULL,NULL,0,2,1395148170,1,NULL,NULL),(10,1,33041,10073,1,2,'Hilmar\n','Jay\n',NULL,NULL,NULL,'JAYH@cardiff.ac.uk\n',NULL,'saphj1\n',NULL,NULL,NULL,0,2,1395148170,1,NULL,NULL),(11,1,148650,10073,1,2,'Hilary\n','Watson\n',NULL,NULL,NULL,'WatsonHC1@cardiff.ac.uk\n',NULL,'saphcw\n',NULL,NULL,NULL,0,2,1395148170,1,NULL,NULL),(12,1,1180877,10073,1,2,'Heidi\n','Castle\n',NULL,NULL,NULL,'CastleH@cardiff.ac.uk\n',NULL,'saphc1\n',NULL,NULL,NULL,0,2,1395148170,1,NULL,NULL),(13,1,269089,10073,1,2,'Gavin\n','Perry\n',NULL,NULL,NULL,'PerryG@cardiff.ac.uk\n',NULL,'sapgp4\n',NULL,NULL,NULL,0,2,1395148170,1,NULL,NULL),(14,1,0,10073,1,2,'sapew\n','Edward\n',NULL,NULL,NULL,'105838\n',NULL,'sapew\n',NULL,NULL,NULL,0,2,1395148170,1,NULL,NULL),(15,1,1074408,10073,1,2,'Emilia\n','Sbardella\n',NULL,NULL,NULL,'SbardellaE@cardiff.ac.uk\n',NULL,'sapes6\n',NULL,NULL,NULL,0,2,1395148171,1,NULL,NULL),(16,1,0,10073,1,2,'Edward\n','Wilding\n',NULL,NULL,NULL,'862110\n',NULL,'sapelw1\n',NULL,NULL,NULL,0,2,1395148171,1,NULL,NULL),(17,1,1149875,10073,1,2,'Emilia\n','Leszkowicz\n',NULL,NULL,NULL,'LeszkowiczE@cardiff.ac.uk\n',NULL,'sapel3\n',NULL,NULL,NULL,0,2,1395148171,1,NULL,NULL),(18,1,848019,10073,1,2,'Hart\n','',NULL,NULL,NULL,'sapeh4\n',NULL,'sapeh4\n',NULL,NULL,NULL,0,2,1395148171,1,NULL,NULL),(19,1,1182977,10073,1,2,'Hinton\n','',NULL,NULL,NULL,'sapech\n',NULL,'sapech\n',NULL,NULL,NULL,0,2,1395148171,1,NULL,NULL),(20,1,560153,10073,1,2,'Emma\n','Cheetham\n',NULL,NULL,NULL,'CheethamE@cardiff.ac.uk\n',NULL,'sapec4\n',NULL,NULL,NULL,0,2,1395148171,1,NULL,NULL),(21,1,43582,10073,1,2,'Dominic\n','Dwyer\n',NULL,NULL,NULL,'DWYERDM@cardiff.ac.uk\n',NULL,'sapdmd\n',NULL,NULL,NULL,0,2,1395148171,1,NULL,NULL),(22,1,155441,10073,1,2,'David\n','McGonigle\n',NULL,NULL,NULL,'McGonigleD@cardiff.ac.uk\n',NULL,'sapdm2\n',NULL,NULL,NULL,0,2,1395148171,1,NULL,NULL),(23,1,1131815,10073,1,2,'Kidger\n','',NULL,NULL,NULL,'sapdk\n',NULL,'sapdk\n',NULL,NULL,NULL,0,2,1395148171,1,NULL,NULL),(24,1,33181,10073,1,2,'David\n','Griffiths\n',NULL,NULL,NULL,'GRIFFITHSDJ3@cardiff.ac.uk\n',NULL,'sapdjg\n',NULL,NULL,NULL,0,2,1395148171,1,NULL,NULL),(25,1,20590,10073,1,2,'Derek\n','Jones\n',NULL,NULL,NULL,'jonesd27@cardiff.ac.uk\n',NULL,'sapdj1\n',NULL,NULL,NULL,0,2,1395148171,1,NULL,NULL),(26,1,138649,10073,1,2,'Cubric\n','Visitor\n',NULL,NULL,NULL,'VisitorC@cardiff.ac.uk\n',NULL,'sapcv3\n',NULL,NULL,NULL,0,2,1395148171,1,NULL,NULL),(27,1,81631,10073,1,2,'Carina\n','Hibbs\n',NULL,NULL,NULL,'HibbsCS@cardiff.ac.uk\n',NULL,'sapcsf\n',NULL,NULL,NULL,0,2,1395148171,1,NULL,NULL),(28,1,233175,10073,1,2,'Christopher\n','Allen\n',NULL,NULL,NULL,'AllenCP@cardiff.ac.uk\n',NULL,'sapcpa\n',NULL,NULL,NULL,0,2,1395148171,1,NULL,NULL),(29,1,337019,10073,1,2,'Claudia\n','Metzler-Baddeley\n',NULL,NULL,NULL,'Metzler-BaddeleyC@cardiff.ac.uk\n',NULL,'sapcm6\n',NULL,NULL,NULL,0,2,1395148172,1,NULL,NULL),(30,1,212404,10073,1,2,'Christopher\n','Chambers\n',NULL,NULL,NULL,'ChambersC1@cardiff.ac.uk\n',NULL,'sapcc\n',NULL,NULL,NULL,0,2,1395148172,1,NULL,NULL),(31,1,1183494,10073,1,2,'Clare\n','Baker\n',NULL,NULL,NULL,'BakerC9@cardiff.ac.uk\n',NULL,'sapcb5\n',NULL,NULL,NULL,0,2,1395148172,1,NULL,NULL),(32,1,1131814,10073,1,2,'Brunning\n','',NULL,NULL,NULL,'sapcb4\n',NULL,'sapcb4\n',NULL,NULL,NULL,0,2,1395148172,1,NULL,NULL),(33,1,559241,10073,1,2,'Charles\n','Hounsell\n',NULL,NULL,NULL,'HounsellCA@cardiff.ac.uk\n',NULL,'sapcah2\n',NULL,NULL,NULL,0,2,1395148172,1,NULL,NULL),(34,1,233213,10073,1,2,'Benjamin\n','Dunkley\n',NULL,NULL,NULL,'DunkleyBT@cardiff.ac.uk\n',NULL,'sapbtd\n',NULL,NULL,NULL,0,2,1395148172,1,NULL,NULL),(35,1,786036,10073,1,2,'Bethany\n','Coad\n',NULL,NULL,NULL,'CoadBM@cardiff.ac.uk\n',NULL,'Sapbmc1\n',NULL,NULL,NULL,0,2,1395148172,1,NULL,NULL),(36,1,786036,10073,1,2,'Bethany\n','Coad\n',NULL,NULL,NULL,'CoadBM@cardiff.ac.uk\n',NULL,'sapbmc1\n',NULL,NULL,NULL,0,2,1395148172,1,NULL,NULL),(37,1,102334,10073,1,2,'Alice\n','Varnava\n',NULL,NULL,NULL,'VARNAVAA@cardiff.ac.uk\n',NULL,'sapav\n',NULL,NULL,NULL,0,2,1395148172,1,NULL,NULL),(38,1,962229,10073,1,2,'Papadopoulos\n','',NULL,NULL,NULL,'sapap4\n',NULL,'sapap4\n',NULL,NULL,NULL,0,2,1395148172,1,NULL,NULL),(39,1,672397,10073,1,2,'Alison\n','McQueen\n',NULL,NULL,NULL,'McQueenA@cardiff.ac.uk\n',NULL,'sapam8\n',NULL,NULL,NULL,0,2,1395148172,1,NULL,NULL),(40,1,121912,10073,1,2,'Alexander\n','Leemans\n',NULL,NULL,NULL,'LeemansA@cardiff.ac.uk\n',NULL,'sapal2\n',NULL,NULL,NULL,0,2,1395148172,1,NULL,NULL),(41,1,268950,10073,1,2,'Ashley\n','Harris\n',NULL,NULL,NULL,'HarrisA6@cardiff.ac.uk\n',NULL,'sapah3\n',NULL,NULL,NULL,0,2,1395148172,1,NULL,NULL),(42,1,123115,10073,1,2,'Andrew\n','Lawrence\n',NULL,NULL,NULL,'LawrenceAD@cardiff.ac.uk\n',NULL,'sapadl\n',NULL,NULL,NULL,0,2,1395148172,1,NULL,NULL),(43,1,533756,10073,1,2,'Andreas\n','Bungert\n',NULL,NULL,NULL,'BungertA@cardiff.ac.uk\n',NULL,'sapab8\n',NULL,NULL,NULL,0,2,1395148173,1,NULL,NULL),(44,1,114899,10073,1,2,'Aline\n','Bompas\n',NULL,NULL,NULL,'BompasA@cardiff.ac.uk\n',NULL,'sapab6\n',NULL,NULL,NULL,0,2,1395148173,1,NULL,NULL),(45,1,334839,10073,1,2,'Sara\n','Sayce\n',NULL,NULL,NULL,'SayceS@cardiff.ac.uk\n',NULL,'sap9ss2\n',NULL,NULL,NULL,0,2,1395148173,1,NULL,NULL),(46,1,334202,10073,1,2,'Sarah\n','Hounsell\n',NULL,NULL,NULL,'HounsellSH@cardiff.ac.uk\n',NULL,'sap9shh\n',NULL,NULL,NULL,0,2,1395148173,1,NULL,NULL),(47,1,330624,10073,1,2,'Rory\n','Cutler\n',NULL,NULL,NULL,'CutlerRD@cardiff.ac.uk\n',NULL,'sap9rdc\n',NULL,NULL,NULL,0,2,1395148173,1,NULL,NULL),(48,1,331284,10073,1,2,'Naomi\n','Warne\n',NULL,NULL,NULL,'WarneN@cardiff.ac.uk\n',NULL,'sap9nw\n',NULL,NULL,NULL,0,2,1395148173,1,NULL,NULL),(49,1,334364,10073,1,2,'Niamh\n','Ingram\n',NULL,NULL,NULL,'IngramN@cardiff.ac.uk\n',NULL,'sap9ni\n',NULL,NULL,NULL,0,2,1395148173,1,NULL,NULL),(50,1,333234,10073,1,2,'Nora\n','Butkute\n',NULL,NULL,NULL,'ButkuteN@cardiff.ac.uk\n',NULL,'sap9nb\n',NULL,NULL,NULL,0,2,1395148173,1,NULL,NULL),(51,1,333548,10073,1,2,'Laura\n','Stockwell\n',NULL,NULL,NULL,'StockwellL@cardiff.ac.uk\n',NULL,'sap9ls2\n',NULL,NULL,NULL,0,2,1395148173,1,NULL,NULL),(52,1,239221,10073,1,2,'Kat\n','Christiansen\n',NULL,NULL,NULL,'ChristiansenK@cardiff.ac.uk\n',NULL,'sap8kc\n',NULL,NULL,NULL,0,2,1395148173,1,NULL,NULL),(53,1,239198,10073,1,2,'Jonathan\n','Hailwood\n',NULL,NULL,NULL,'HailwoodJM@cardiff.ac.uk\n',NULL,'sap8jmh\n',NULL,NULL,NULL,0,2,1395148173,1,NULL,NULL),(54,1,154639,10073,1,2,'Martynas\n','Dervinis\n',NULL,NULL,NULL,'DervinisM@cardiff.ac.uk\n',NULL,'sap7md\n',NULL,NULL,NULL,0,2,1395148173,1,NULL,NULL),(55,1,151159,10073,1,2,'Laura\n','Whitlow\n',NULL,NULL,NULL,'WhitlowL@cardiff.ac.uk\n',NULL,'sap7lw\n',NULL,NULL,NULL,0,2,1395148173,1,NULL,NULL),(56,1,150992,10073,1,2,'Laura\n','Westacott\n',NULL,NULL,NULL,'WestacottLJ@cardiff.ac.uk\n',NULL,'sap7ljw\n',NULL,NULL,NULL,0,2,1395148174,1,NULL,NULL),(57,1,152467,10073,1,2,'Amie\n','Doidge\n',NULL,NULL,NULL,'DoidgeA@cardiff.ac.uk\n',NULL,'sap7ad\n',NULL,NULL,NULL,0,2,1395148174,1,NULL,NULL),(58,1,13504,10073,1,2,'Michail\n','Kozlov\n',NULL,NULL,NULL,'kozlovm@cardiff.ac.uk\n',NULL,'sap5mk\n',NULL,NULL,NULL,0,2,1395148174,1,NULL,NULL),(59,1,10087,10073,1,2,'Jessica\n','Watts\n',NULL,NULL,NULL,'wattsj1@cardiff.ac.uk\n',NULL,'sap5jw\n',NULL,NULL,NULL,0,2,1395148174,1,NULL,NULL),(60,1,98850,10073,1,2,'Jennifer\n','Ware\n',NULL,NULL,NULL,'WareJJ@cardiff.ac.uk\n',NULL,'sap3jjw\n',NULL,NULL,NULL,0,2,1395148174,1,NULL,NULL),(61,1,102286,10073,1,2,'Carl\n','Hodgetts\n',NULL,NULL,NULL,'HODGETTSCJ@cardiff.ac.uk\n',NULL,'sap3cjh\n',NULL,NULL,NULL,0,2,1395148174,1,NULL,NULL),(62,1,102278,10073,1,2,'Jonathan\n','Shine\n',NULL,NULL,NULL,'SHINEJP@cardiff.ac.uk\n',NULL,'sap2jps\n',NULL,NULL,NULL,0,2,1395148174,1,NULL,NULL),(63,1,81528,10073,1,2,'Lisa\n','Kennedy\n',NULL,NULL,NULL,'KENNEDYLC@cardiff.ac.uk\n',NULL,'sagld1\n',NULL,NULL,NULL,0,2,1395148174,1,NULL,NULL),(64,1,124476,10073,1,2,'Richard\n','Edden\n',NULL,NULL,NULL,'EddenRA@cardiff.ac.uk\n',NULL,'sacrae\n',NULL,NULL,NULL,0,2,1395148174,1,NULL,NULL),(65,1,81441,10073,1,2,'Ian\n','Merrick\n',NULL,NULL,NULL,'MERRICKI@cardiff.ac.uk\n',NULL,'sacim\n',NULL,NULL,NULL,0,2,1395148174,1,NULL,NULL),(66,1,1185848,10073,1,2,'Kali\n','Barawi\n',NULL,NULL,NULL,'BarawiK1@cardiff.ac.uk\n',NULL,'mpnkb\n',NULL,NULL,NULL,0,2,1395148174,1,NULL,NULL),(67,1,1037074,10073,1,2,'Thomas\n','Lancaster\n',NULL,NULL,NULL,'LancasterTM@cardiff.ac.uk\n',NULL,'mdntml\n',NULL,NULL,NULL,0,2,1395148174,1,NULL,NULL),(68,1,1056430,10073,1,2,'Sonya\n','Foley\n',NULL,NULL,NULL,'FoleyS2@cardiff.ac.uk\n',NULL,'mdnsf\n',NULL,NULL,NULL,0,2,1395148175,1,NULL,NULL),(69,1,330121,10073,1,2,'Rebecca\n','Woolf\n',NULL,NULL,NULL,'WoolfR@cardiff.ac.uk\n',NULL,'jzm9rw2\n',NULL,NULL,NULL,0,2,1395148175,1,NULL,NULL),(70,1,331864,10073,1,2,'Christopher\n','Wilcox\n',NULL,NULL,NULL,'WilcoxC@cardiff.ac.uk\n',NULL,'jzm9cw2\n',NULL,NULL,NULL,0,2,1395148175,1,NULL,NULL),(71,1,333487,10073,1,2,'Amy\n','Findlay\n',NULL,NULL,NULL,'FindlayAL@cardiff.ac.uk\n',NULL,'jzm9alf\n',NULL,NULL,NULL,0,2,1395148175,1,NULL,NULL),(72,1,233880,10073,1,2,'Sarah\n','Rollason\n',NULL,NULL,NULL,'RollasonSL@cardiff.ac.uk\n',NULL,'jzm8slr\n',NULL,NULL,NULL,0,2,1395148175,1,NULL,NULL),(73,1,234429,10073,1,2,'Sophie\n','Fitzsimmons\n',NULL,NULL,NULL,'FitzsimmonsS@cardiff.ac.uk\n',NULL,'jzm8sf\n',NULL,NULL,NULL,0,2,1395148175,1,NULL,NULL),(74,1,233286,10073,1,2,'Brett\n','Salmons\n',NULL,NULL,NULL,'SalmonsBA@cardiff.ac.uk\n',NULL,'jzm8bas\n',NULL,NULL,NULL,0,2,1395148175,1,NULL,NULL),(75,1,151137,10073,1,2,'James\n','Dalton\n',NULL,NULL,NULL,'DaltonJ1@cardiff.ac.uk\n',NULL,'jzm7jd\n',NULL,NULL,NULL,0,2,1395148175,1,NULL,NULL),(76,1,0,10073,1,2,'jzm6se\n','Sanad\n',NULL,NULL,NULL,'109473\n',NULL,'jzm6se\n',NULL,NULL,NULL,0,2,1395148175,1,NULL,NULL),(77,1,109726,10073,1,2,'Priya\n','Rajyaguru\n',NULL,NULL,NULL,'RajyaguruP@cardiff.ac.uk\n',NULL,'jzm6pr\n',NULL,NULL,NULL,0,2,1395148175,1,NULL,NULL),(78,1,109312,10073,1,2,'Matthew\n','Jones\n',NULL,NULL,NULL,'JonesMH3@cardiff.ac.uk\n',NULL,'jzm6mhj\n',NULL,NULL,NULL,0,2,1395148175,1,NULL,NULL),(79,1,10676,10073,1,2,'Wilson\n','Fung\n',NULL,NULL,NULL,'fungwk@cardiff.ac.uk\n',NULL,'jzm5wkf\n',NULL,NULL,NULL,0,2,1395148175,1,NULL,NULL),(80,1,98583,10073,1,2,'Michael\n','Heneghan\n',NULL,NULL,NULL,'HENEGHANM@cardiff.ac.uk\n',NULL,'jzm4mh\n',NULL,NULL,NULL,0,2,1395148176,1,NULL,NULL),(81,1,74349,10073,1,2,'Ceri\n','Price\n',NULL,NULL,NULL,'PRICECW@cardiff.ac.uk\n',NULL,'jzm4cwp\n',NULL,NULL,NULL,0,2,1395148176,1,NULL,NULL),(82,1,70756,10073,1,2,'Laura\n','Jackson\n',NULL,NULL,NULL,'JACKSONL1@cardiff.ac.uk\n',NULL,'jzm1lj\n',NULL,NULL,NULL,0,2,1395148176,1,NULL,NULL),(83,1,871897,10073,1,2,'Andrew\n','Lansdown\n',NULL,NULL,NULL,'LansdownAJ1@cardiff.ac.uk\n',NULL,'c990228398\n',NULL,NULL,NULL,0,2,1395148176,1,NULL,NULL),(84,1,1180389,10073,1,2,'Tabea\n','Kamp\n',NULL,NULL,NULL,'KampT@cardiff.ac.uk\n',NULL,'c1412440\n',NULL,NULL,NULL,0,2,1395148176,1,NULL,NULL),(85,1,1177968,10073,1,2,'Martina\n','Stefani\n',NULL,NULL,NULL,'StefaniM@cardiff.ac.uk\n',NULL,'c1367427\n',NULL,NULL,NULL,0,2,1395148176,1,NULL,NULL),(86,1,1161514,10073,1,2,'Mario\n','sn:: UMOpcmV6IEzDs3Bleg==\n',NULL,NULL,NULL,'PerezLopezMB@cardiff.ac.uk\n',NULL,'c1360219\n',NULL,NULL,NULL,0,2,1395148176,1,NULL,NULL),(87,1,1161126,10073,1,2,'Lorenzo\n','Magazzini\n',NULL,NULL,NULL,'MagazziniL@cardiff.ac.uk\n',NULL,'c1356674\n',NULL,NULL,NULL,0,2,1395148176,1,NULL,NULL),(88,1,1162032,10073,1,2,'Alison\n','Davidson\n',NULL,NULL,NULL,'DavidsonAE@cardiff.ac.uk\n',NULL,'c1356468\n',NULL,NULL,NULL,0,2,1395148176,1,NULL,NULL),(89,1,1162067,10073,1,2,'Matthew\n','Jones\n',NULL,NULL,NULL,'JonesMT1@cardiff.ac.uk\n',NULL,'c1354862\n',NULL,NULL,NULL,0,2,1395148176,1,NULL,NULL),(90,1,1162367,10073,1,2,'Su\n','Ye Chen\n',NULL,NULL,NULL,'YeChenSM@cardiff.ac.uk\n',NULL,'c1354007\n',NULL,NULL,NULL,0,2,1395148176,1,NULL,NULL),(91,1,1162122,10073,1,2,'Catalina\n','Lawrence\n',NULL,NULL,NULL,'LawrenceCH@cardiff.ac.uk\n',NULL,'c1348157\n',NULL,NULL,NULL,0,2,1395148176,1,NULL,NULL),(92,1,1173740,10073,1,2,'George\n','Zacharopoulos\n',NULL,NULL,NULL,'ZacharopoulosG@cardiff.ac.uk\n',NULL,'c1345393\n',NULL,NULL,NULL,0,2,1395148176,1,NULL,NULL),(93,1,1160348,10073,1,2,'Thomas\n','Monfeuga\n',NULL,NULL,NULL,'MonfeugaT@cardiff.ac.uk\n',NULL,'c1330468\n',NULL,NULL,NULL,0,2,1395148176,1,NULL,NULL),(94,1,1160422,10073,1,2,'Loukia\n','Tzavella\n',NULL,NULL,NULL,'TzavellaL@cardiff.ac.uk\n',NULL,'c1325124\n',NULL,NULL,NULL,0,2,1395148176,1,NULL,NULL),(95,1,1161461,10073,1,2,'Laura\n','Baker\n',NULL,NULL,NULL,'BakerLE1@cardiff.ac.uk\n',NULL,'c1306570\n',NULL,NULL,NULL,0,2,1395148177,1,NULL,NULL),(96,1,1083854,10073,1,2,'Alberto\n','Merola\n',NULL,NULL,NULL,'MerolaA@cardiff.ac.uk\n',NULL,'c1261858\n',NULL,NULL,NULL,0,2,1395148177,1,NULL,NULL),(97,1,1083860,10073,1,2,'Madhukar\n','Shetty\n',NULL,NULL,NULL,'ShettyM4@cardiff.ac.uk\n',NULL,'c1255246\n',NULL,NULL,NULL,0,2,1395148177,1,NULL,NULL),(98,1,990085,10073,1,2,'James\n','Randle\n',NULL,NULL,NULL,'RandleJM@cardiff.ac.uk\n',NULL,'c1252726\n',NULL,NULL,NULL,0,2,1395148177,1,NULL,NULL),(99,1,994961,10073,1,2,'Anne\n','Campbell\n',NULL,NULL,NULL,'CampbellAE1@cardiff.ac.uk\n',NULL,'c1249036\n',NULL,NULL,NULL,0,2,1395148177,1,NULL,NULL),(100,1,1013726,10073,1,2,'Mark\n','Mikkelsen\n',NULL,NULL,NULL,'MikkelsenM@cardiff.ac.uk\n',NULL,'c1243047\n',NULL,NULL,NULL,0,2,1395148177,1,NULL,NULL),(101,1,989002,10073,1,2,'Catherine\n','Foster\n',NULL,NULL,NULL,'FosterC3@cardiff.ac.uk\n',NULL,'c1241942\n',NULL,NULL,NULL,0,2,1395148177,1,NULL,NULL),(102,1,988867,10073,1,2,'Bethany\n','Routley\n',NULL,NULL,NULL,'RoutleyBC@cardiff.ac.uk\n',NULL,'c1240390\n',NULL,NULL,NULL,0,2,1395148177,1,NULL,NULL),(103,1,965277,10073,1,2,'Claire\n','Barnes\n',NULL,NULL,NULL,'BarnesCM@cardiff.ac.uk\n',NULL,'c1231996\n',NULL,NULL,NULL,0,2,1395148177,1,NULL,NULL),(104,1,1023144,10073,1,2,'Caroline\n','Lewis\n',NULL,NULL,NULL,'LewisCE14@cardiff.ac.uk\n',NULL,'c1220465\n',NULL,NULL,NULL,0,2,1395148177,1,NULL,NULL),(105,1,988841,10073,1,2,'Charlotte\n','Powell\n',NULL,NULL,NULL,'PowellCF@cardiff.ac.uk\n',NULL,'c1215763\n',NULL,NULL,NULL,0,2,1395148177,1,NULL,NULL),(106,1,1013636,10073,1,2,'Jilu\n','Mole\n',NULL,NULL,NULL,'MoleJP@cardiff.ac.uk\n',NULL,'c1212570\n',NULL,NULL,NULL,0,2,1395148177,1,NULL,NULL),(107,1,1030791,10073,1,2,'Marek\n','Allen\n',NULL,NULL,NULL,'AllenML@cardiff.ac.uk\n',NULL,'c1210219\n',NULL,NULL,NULL,0,2,1395148177,1,NULL,NULL),(108,1,827609,10073,1,2,'Brano\n','Telgarsky\n',NULL,NULL,NULL,'TelgarskyB1@cardiff.ac.uk\n',NULL,'c1160035\n',NULL,NULL,NULL,0,2,1395148177,1,NULL,NULL),(109,1,993964,10073,1,2,'Jessica\n','Morris\n',NULL,NULL,NULL,'MorrisJL4@cardiff.ac.uk\n',NULL,'c1159710\n',NULL,NULL,NULL,0,2,1395148178,1,NULL,NULL),(110,1,829069,10073,1,2,'Maneesh\n','Udiawar\n',NULL,NULL,NULL,'UdiawarMV1@cardiff.ac.uk\n',NULL,'c1159667\n',NULL,NULL,NULL,0,2,1395148178,1,NULL,NULL),(111,1,809937,10073,1,2,'Jennifer\n','Brealy\n',NULL,NULL,NULL,'BrealyJA@cardiff.ac.uk\n',NULL,'c1158268\n',NULL,NULL,NULL,0,2,1395148178,1,NULL,NULL),(112,1,810614,10073,1,2,'Matthieu\n','Berjon\n',NULL,NULL,NULL,'BerjonM@cardiff.ac.uk\n',NULL,'c1157409\n',NULL,NULL,NULL,0,2,1395148178,1,NULL,NULL),(113,1,988857,10073,1,2,'Danielle\n','Wilks\n',NULL,NULL,NULL,'WilksDC@cardiff.ac.uk\n',NULL,'c1154727\n',NULL,NULL,NULL,0,2,1395148178,1,NULL,NULL),(114,1,797123,10073,1,2,'Nicolas\n','Economides\n',NULL,NULL,NULL,'EconomidesN@cardiff.ac.uk\n',NULL,'c1150531\n',NULL,NULL,NULL,0,2,1395148178,1,NULL,NULL),(115,1,796943,10073,1,2,'Sarah\n','Mann\n',NULL,NULL,NULL,'MannSL@cardiff.ac.uk\n',NULL,'c1150524\n',NULL,NULL,NULL,0,2,1395148178,1,NULL,NULL),(116,1,827566,10073,1,2,'Esther\n','Warnert\n',NULL,NULL,NULL,'WarnertEA@cardiff.ac.uk\n',NULL,'c1145739\n',NULL,NULL,NULL,0,2,1395148178,1,NULL,NULL),(117,1,796469,10073,1,2,'Laura\n','Smith\n',NULL,NULL,NULL,'SmithL33@cardiff.ac.uk\n',NULL,'c1134496\n',NULL,NULL,NULL,0,2,1395148178,1,NULL,NULL),(118,1,810036,10073,1,2,'Kacper\n','Wieczorek\n',NULL,NULL,NULL,'WieczorekK@cardiff.ac.uk\n',NULL,'c1128494\n',NULL,NULL,NULL,0,2,1395148178,1,NULL,NULL),(119,1,809955,10073,1,2,'Clara\n','Erice Jurecky\n',NULL,NULL,NULL,'EriceJureckyC@cardiff.ac.uk\n',NULL,'c1125097\n',NULL,NULL,NULL,0,2,1395148178,1,NULL,NULL),(120,1,810025,10073,1,2,'Hannah\n','Robinson\n',NULL,NULL,NULL,'RobinsonH5@cardiff.ac.uk\n',NULL,'c1119630\n',NULL,NULL,NULL,0,2,1395148178,1,NULL,NULL),(121,1,711131,10073,1,2,'Isabelle\n','Habes\n',NULL,NULL,NULL,'HabesI@cardiff.ac.uk\n',NULL,'c1058797\n',NULL,NULL,NULL,0,2,1395148178,1,NULL,NULL),(122,1,829301,10073,1,2,'Ilona\n','Lipp\n',NULL,NULL,NULL,'LippI@cardiff.ac.uk\n',NULL,'c1055416\n',NULL,NULL,NULL,0,2,1395148178,1,NULL,NULL),(123,1,632566,10073,1,2,'Alan\n','Stone\n',NULL,NULL,NULL,'StoneA9@cardiff.ac.uk\n',NULL,'c1043972\n',NULL,NULL,NULL,0,2,1395148178,1,NULL,NULL),(124,1,632562,10073,1,2,'Panagiotis\n','Kovanis\n',NULL,NULL,NULL,'KovanisP@cardiff.ac.uk\n',NULL,'c1043874\n',NULL,NULL,NULL,0,2,1395148178,1,NULL,NULL),(125,1,647292,10073,1,2,'Alexander\n','Shaw\n',NULL,NULL,NULL,'ShawA4@cardiff.ac.uk\n',NULL,'c1041263\n',NULL,NULL,NULL,0,2,1395148179,1,NULL,NULL),(126,1,809954,10073,1,2,'Aura\n','Frizzati\n',NULL,NULL,NULL,'FrizzatiA@cardiff.ac.uk\n',NULL,'c1034488\n',NULL,NULL,NULL,0,2,1395148179,1,NULL,NULL),(127,1,631086,10073,1,2,'Brittany\n','Davis\n',NULL,NULL,NULL,'DavisBA@cardiff.ac.uk\n',NULL,'c1029742\n',NULL,NULL,NULL,0,2,1395148179,1,NULL,NULL),(128,1,633889,10073,1,2,'Marcello\n','Venzi\n',NULL,NULL,NULL,'VenziM@cardiff.ac.uk\n',NULL,'c1025972\n',NULL,NULL,NULL,0,2,1395148179,1,NULL,NULL),(129,1,1163577,10073,1,2,'Adam\n','Partridge\n',NULL,NULL,NULL,'PartridgeAM@cardiff.ac.uk\n',NULL,'c1025117\n',NULL,NULL,NULL,0,2,1395148179,1,NULL,NULL),(130,1,634192,10073,1,2,'Erika\n','Leonaviciute\n',NULL,NULL,NULL,'LeonaviciuteE@cardiff.ac.uk\n',NULL,'c1022638\n',NULL,NULL,NULL,0,2,1395148179,1,NULL,NULL),(131,1,634229,10073,1,2,'William\n','Baker Morrison\n',NULL,NULL,NULL,'BakerMorrisonWM@cardiff.ac.uk\n',NULL,'c1017129\n',NULL,NULL,NULL,0,2,1395148179,1,NULL,NULL),(132,1,631087,10073,1,2,'Claris\n','Diaz\n',NULL,NULL,NULL,'DiazCM@cardiff.ac.uk\n',NULL,'c1008401\n',NULL,NULL,NULL,0,2,1395148179,1,NULL,NULL),(133,1,630283,10073,1,2,'Katherine\n','Fillingham\n',NULL,NULL,NULL,'FillinghamKR@cardiff.ac.uk\n',NULL,'c1008156\n',NULL,NULL,NULL,0,2,1395148179,1,NULL,NULL),(134,1,643360,10073,1,2,'givenName:: R3LDoWlubmU=\n','Mc namara\n',NULL,NULL,NULL,'McnamaraG@cardiff.ac.uk\n',NULL,'c1005692\n',NULL,NULL,NULL,0,2,1395148179,1,NULL,NULL),(135,1,632668,10073,1,2,'Silas\n','Fuller\n',NULL,NULL,NULL,'FullerSR@cardiff.ac.uk\n',NULL,'c1003502\n',NULL,NULL,NULL,0,2,1395148179,1,NULL,NULL),(136,1,634311,10073,1,2,'Phoebe\n','Hall\n',NULL,NULL,NULL,'HallP3@cardiff.ac.uk\n',NULL,'c1003270\n',NULL,NULL,NULL,0,2,1395148179,1,NULL,NULL),(137,1,633232,10073,1,2,'Alison\n','Hare\n',NULL,NULL,NULL,'HareA@cardiff.ac.uk\n',NULL,'c1002449\n',NULL,NULL,NULL,0,2,1395148179,1,NULL,NULL),(138,1,632170,10073,1,2,'Ashley\n','Yarrow-Jenkins\n',NULL,NULL,NULL,'Yarrow-JenkinsAV@cardiff.ac.uk\n',NULL,'c1001026\n',NULL,NULL,NULL,0,2,1395148179,1,NULL,NULL),(139,1,1161555,10073,1,2,'Iona\n','Hartshorn\n',NULL,NULL,NULL,'HartshornI@cardiff.ac.uk\n',NULL,'c0928065\n',NULL,NULL,NULL,0,2,1395148179,1,NULL,NULL),(140,1,1027851,10073,1,2,'Nicholas\n','Clifton\n',NULL,NULL,NULL,'CliftonNE@cardiff.ac.uk\n',NULL,'c0808508\n',NULL,NULL,NULL,0,2,1395148180,1,NULL,NULL),(141,1,633931,10073,1,2,'Bethan\n','Hopkin\n',NULL,NULL,NULL,'HopkinB1@cardiff.ac.uk\n',NULL,'c0804500\n',NULL,NULL,NULL,0,2,1395148180,1,NULL,NULL),(142,1,1161515,10073,1,2,'Deian\n','Jones\n',NULL,NULL,NULL,'JonesDG2@cardiff.ac.uk\n',NULL,'c0802436\n',NULL,NULL,NULL,0,2,1395148180,1,NULL,NULL),(143,1,1005812,10073,1,2,'Hayley\n','Giles\n',NULL,NULL,NULL,'GilesHD@cardiff.ac.uk\n',NULL,'c0721168\n',NULL,NULL,NULL,0,2,1395148180,1,NULL,NULL),(144,1,994694,10073,1,2,'Alison\n','Costigan\n',NULL,NULL,NULL,'CostiganAG@cardiff.ac.uk\n',NULL,'c0705312\n',NULL,NULL,NULL,0,2,1395148180,1,NULL,NULL),(145,1,994696,10073,1,2,'Hannah\n','Furby\n',NULL,NULL,NULL,'FurbyH1@cardiff.ac.uk\n',NULL,'c0514714\n',NULL,NULL,NULL,0,2,1395148180,1,NULL,NULL),(146,1,634421,10073,1,2,'Jessica\n','Steventon\n',NULL,NULL,NULL,'SteventonJJ@cardiff.ac.uk\n',NULL,'c0505167\n',NULL,NULL,NULL,0,2,1395148180,1,NULL,NULL),(147,1,994427,10073,1,2,'Claire\n','Hanley\n',NULL,NULL,NULL,'HanleyCJ@cardiff.ac.uk\n',NULL,'c0406258\n',NULL,NULL,NULL,0,2,1395148180,1,NULL,NULL),(148,1,167772,10073,1,2,'Neeta\n','Tailor\n',NULL,NULL,NULL,'TailorN@cardiff.ac.uk\n',NULL,'wpmnt3\n',NULL,NULL,NULL,0,2,1395148180,1,NULL,NULL),(149,1,120262,10073,1,2,'Nigel\n','Jenkins\n',NULL,NULL,NULL,'JenkinsN5@cardiff.ac.uk\n',NULL,'wpmnj1\n',NULL,NULL,NULL,0,2,1395148180,1,NULL,NULL),(150,1,138213,10073,1,2,'Howell William Robert\n','Powell\n',NULL,NULL,NULL,'PowellH1@cardiff.ac.uk\n',NULL,'wpmhp4\n',NULL,NULL,NULL,0,2,1395148180,1,NULL,NULL),(151,1,232194,10073,1,2,'Hannah\n','Khirwadkar\n',NULL,NULL,NULL,'KhirwadkarHE@cardiff.ac.uk\n',NULL,'wpmhek\n',NULL,NULL,NULL,0,2,1395148180,1,NULL,NULL),(152,1,120398,10073,1,2,'Chuen\n','Poon\n',NULL,NULL,NULL,'PoonCY@cardiff.ac.uk\n',NULL,'wpmcyp\n',NULL,NULL,NULL,0,2,1395148180,1,NULL,NULL),(153,1,164640,10073,1,2,'Anurag\n','Saxena\n',NULL,NULL,NULL,'SaxenaA@cardiff.ac.uk\n',NULL,'wpmas28\n',NULL,NULL,NULL,0,2,1395148180,1,NULL,NULL),(154,1,120845,10073,1,2,'Anna\n','Jolly\n',NULL,NULL,NULL,'JollyAL@cardiff.ac.uk\n',NULL,'wpmalj\n',NULL,NULL,NULL,0,2,1395148181,1,NULL,NULL),(155,1,121480,10073,1,2,'James\n','Coulson\n',NULL,NULL,NULL,'CoulsonJM@cardiff.ac.uk\n',NULL,'wphjmc\n',NULL,NULL,NULL,0,2,1395148181,1,NULL,NULL),(156,1,231910,10073,1,2,'Xavier\n','Caseras\n',NULL,NULL,NULL,'CaserasX@cardiff.ac.uk\n',NULL,'wpcxc\n',NULL,NULL,NULL,0,2,1395148181,1,NULL,NULL),(157,1,224420,10073,1,2,'Paul\n','Keedwell\n',NULL,NULL,NULL,'KeedwellPA@cardiff.ac.uk\n',NULL,'wpcpak\n',NULL,NULL,NULL,0,2,1395148181,1,NULL,NULL),(158,1,937742,10073,1,2,'Neil\n','Fowler\n',NULL,NULL,NULL,'FowlerN2@cardiff.ac.uk\n',NULL,'wpcnf\n',NULL,NULL,NULL,0,2,1395148181,1,NULL,NULL),(159,1,906530,10073,1,2,'Moses\n','Sokunbi\n',NULL,NULL,NULL,'SokunbiMO@cardiff.ac.uk\n',NULL,'wpcmos\n',NULL,NULL,NULL,0,2,1395148181,1,NULL,NULL),(160,1,164725,10073,1,2,'Miriam\n','Cooper\n',NULL,NULL,NULL,'CooperML1@cardiff.ac.uk\n',NULL,'wpcmlc\n',NULL,NULL,NULL,0,2,1395148181,1,NULL,NULL),(161,1,729556,10073,1,2,'Leena\n','Subramanian\n',NULL,NULL,NULL,'SubramanianL1@cardiff.ac.uk\n',NULL,'wpcls4\n',NULL,NULL,NULL,0,2,1395148181,1,NULL,NULL),(162,1,618733,10073,1,2,'Katie\n','Swaden Lewis\n',NULL,NULL,NULL,'LewisK18@cardiff.ac.uk\n',NULL,'wpckl3\n',NULL,NULL,NULL,0,2,1395148181,1,NULL,NULL),(163,1,627936,10073,1,2,'Joanne\n','Doherty\n',NULL,NULL,NULL,'DohertyJL@cardiff.ac.uk\n',NULL,'wpcjld\n',NULL,NULL,NULL,0,2,1395148181,1,NULL,NULL),(164,1,672053,10073,1,2,'David\n','Linden\n',NULL,NULL,NULL,'LindenD@cardiff.ac.uk\n',NULL,'wpcdl\n',NULL,NULL,NULL,0,2,1395148181,1,NULL,NULL),(165,1,160179,10073,1,2,'Bakir\n','Karim\n',NULL,NULL,NULL,'KarimB@cardiff.ac.uk\n',NULL,'wpcbk\n',NULL,NULL,NULL,0,2,1395148181,1,NULL,NULL),(166,1,809169,10073,1,2,'Valentina\n','Tomassini\n',NULL,NULL,NULL,'TomassiniV@cardiff.ac.uk\n',NULL,'wmdvt2\n',NULL,NULL,NULL,0,2,1395148181,1,NULL,NULL),(167,1,304975,10073,1,2,'Shuja\n','Reagu\n',NULL,NULL,NULL,'ReaguSM2@cardiff.ac.uk\n',NULL,'wmdsmr1\n',NULL,NULL,NULL,0,2,1395148181,1,NULL,NULL),(168,1,729349,10073,1,2,'Sebastian\n','Luppe\n',NULL,NULL,NULL,'LuppeS@cardiff.ac.uk\n',NULL,'wmdsl8\n',NULL,NULL,NULL,0,2,1395148181,1,NULL,NULL),(169,1,267758,10073,1,2,'Michael\n','O\'sullivan\n',NULL,NULL,NULL,'OsullivanM4@cardiff.ac.uk\n',NULL,'wmdmo1\n',NULL,NULL,NULL,0,2,1395148181,1,NULL,NULL),(170,1,121310,10073,1,2,'Khalid\n','Hamandi\n',NULL,NULL,NULL,'HamandiK@cardiff.ac.uk\n',NULL,'wmdkh\n',NULL,NULL,NULL,0,2,1395148182,1,NULL,NULL),(171,1,102855,10073,1,2,'Benny\n','Thomas\n',NULL,NULL,NULL,'THOMASB1@cardiff.ac.uk\n',NULL,'wmdbt\n',NULL,NULL,NULL,0,2,1395148182,1,NULL,NULL),(172,1,617895,10073,1,2,'Paulien\n','Roos\n',NULL,NULL,NULL,'RoosPE@cardiff.ac.uk\n',NULL,'whcper\n',NULL,NULL,NULL,0,2,1395148182,1,NULL,NULL),(173,1,157364,10073,1,2,'Neeraj\n','Saxena\n',NULL,NULL,NULL,'SaxenaN2@cardiff.ac.uk\n',NULL,'waans\n',NULL,NULL,NULL,0,2,1395148182,1,NULL,NULL),(174,1,535737,10073,1,2,'Antony\n','Wilkes\n',NULL,NULL,NULL,'WILKES@cardiff.ac.uk\n',NULL,'waaarw\n',NULL,NULL,NULL,0,2,1395148182,1,NULL,NULL),(175,1,92690,10073,1,2,'Ann\n','Taylor\n',NULL,NULL,NULL,'TAYLORAM@cardiff.ac.uk\n',NULL,'waaamt\n',NULL,NULL,NULL,0,2,1395148182,1,NULL,NULL),(176,1,152693,10073,1,2,'Lucy\n','Sykes\n',NULL,NULL,NULL,'SykesLH@cardiff.ac.uk\n',NULL,'sso7lhs\n',NULL,NULL,NULL,0,2,1395148182,1,NULL,NULL),(177,1,331002,10073,1,2,'Jonathan\n','Patrick\n',NULL,NULL,NULL,'PatrickJA@cardiff.ac.uk\n',NULL,'spx9jap\n',NULL,NULL,NULL,0,2,1395148182,1,NULL,NULL),(178,1,100292,10073,1,2,'Neil\n','Goulding\n',NULL,NULL,NULL,'GOULDINGN@cardiff.ac.uk\n',NULL,'sma4ng\n',NULL,NULL,NULL,0,2,1395148182,1,NULL,NULL),(179,1,124146,10073,1,2,'Martyn\n','Guest\n',NULL,NULL,NULL,'GuestMF@cardiff.ac.uk\n',NULL,'sismfg\n',NULL,NULL,NULL,0,2,1395148182,1,NULL,NULL),(180,1,125811,10073,1,2,'Christine\n','Kitchen\n',NULL,NULL,NULL,'KitchenCA@cardiff.ac.uk\n',NULL,'siscak\n',NULL,NULL,NULL,0,2,1395148182,1,NULL,NULL),(181,1,86927,10073,1,2,'Huw\n','Davies\n',NULL,NULL,NULL,'DAVIESJH2@cardiff.ac.uk\n',NULL,'sgljhd\n',NULL,NULL,NULL,0,2,1395148183,1,NULL,NULL),(182,1,73120,10073,1,2,'Martin\n','Wolstencroft\n',NULL,NULL,NULL,'WOLSTENCROFTM@cardiff.ac.uk\n',NULL,'sgl1mw\n',NULL,NULL,NULL,0,2,1395148183,1,NULL,NULL),(183,1,559226,10073,1,2,'Peng\n','Sun\n',NULL,NULL,NULL,'SunP3@cardiff.ac.uk\n',NULL,'selps\n',NULL,NULL,NULL,0,2,1395148183,1,NULL,NULL),(184,1,958104,10073,1,2,'Susan\n','Doshi\n',NULL,NULL,NULL,'DoshiSK@cardiff.ac.uk\n',NULL,'scmskd\n',NULL,NULL,NULL,0,2,1395148183,1,NULL,NULL),(185,1,121732,10073,1,2,'Cyril\n','Charron\n',NULL,NULL,NULL,'CharronC@cardiff.ac.uk\n',NULL,'scmcc2\n',NULL,NULL,NULL,0,2,1395148183,1,NULL,NULL),(186,1,80520,10073,1,2,'David\n','Marshall\n',NULL,NULL,NULL,'MARSHALLAD@cardiff.ac.uk\n',NULL,'scmadm\n',NULL,NULL,NULL,0,2,1395148183,1,NULL,NULL),(187,1,112964,10073,1,2,'Greg\n','Parker\n',NULL,NULL,NULL,'ParkerG@cardiff.ac.uk\n',NULL,'scm6gp\n',NULL,NULL,NULL,0,2,1395148183,1,NULL,NULL),(188,1,50022,10073,1,2,'Yulia\n','Hicks\n',NULL,NULL,NULL,'HICKSYA@cardiff.ac.uk\n',NULL,'sceyah\n',NULL,NULL,NULL,0,2,1395148183,1,NULL,NULL),(189,1,110511,10073,1,2,'Daniel\n','Watling\n',NULL,NULL,NULL,'WatlingD@cardiff.ac.uk\n',NULL,'sce6dw1\n',NULL,NULL,NULL,0,2,1395148183,1,NULL,NULL),(190,1,327845,10073,1,2,'Victoria\n','Roberton\n',NULL,NULL,NULL,'RobertonVH@cardiff.ac.uk\n',NULL,'sbivhr1\n',NULL,NULL,NULL,0,2,1395148183,1,NULL,NULL),(191,1,123879,10073,1,2,'Stephen\n','Paisey\n',NULL,NULL,NULL,'PaiseySJ@cardiff.ac.uk\n',NULL,'sbisjp\n',NULL,NULL,NULL,0,2,1395148183,1,NULL,NULL),(192,1,334817,10073,1,2,'Paul\n','Rimmer\n',NULL,NULL,NULL,'RimmerPA@cardiff.ac.uk\n',NULL,'sbipar\n',NULL,NULL,NULL,0,2,1395148183,1,NULL,NULL),(193,1,233184,10073,1,2,'Nicolaas\n','Puts\n',NULL,NULL,NULL,'PutsNA@cardiff.ac.uk\n',NULL,'sbinap1\n',NULL,NULL,NULL,0,2,1395148183,1,NULL,NULL),(194,1,328095,10073,1,2,'Marija\n','Fjodorova\n',NULL,NULL,NULL,'FjodorovaM@cardiff.ac.uk\n',NULL,'sbimf\n',NULL,NULL,NULL,0,2,1395148183,1,NULL,NULL),(195,1,327520,10073,1,2,'Kathryn\n','Bowles\n',NULL,NULL,NULL,'BowlesK@cardiff.ac.uk\n',NULL,'sbikb1\n',NULL,NULL,NULL,0,2,1395148184,1,NULL,NULL),(196,1,233212,10073,1,2,'Julie\n','Dumont\n',NULL,NULL,NULL,'DumontJR@cardiff.ac.uk\n',NULL,'sbijrd\n',NULL,NULL,NULL,0,2,1395148184,1,NULL,NULL),(197,1,233166,10073,1,2,'Deborah\n','Knight\n',NULL,NULL,NULL,'KnightDJ2@cardiff.ac.uk\n',NULL,'sbidjk1\n',NULL,NULL,NULL,0,2,1395148184,1,NULL,NULL),(198,1,233223,10073,1,2,'Alice\n','Palmer\n',NULL,NULL,NULL,'PalmerAM1@cardiff.ac.uk\n',NULL,'sbiamp2\n',NULL,NULL,NULL,0,2,1395148184,1,NULL,NULL),(199,1,329565,10073,1,2,'Anna\n','Powell\n',NULL,NULL,NULL,'PowellAL3@cardiff.ac.uk\n',NULL,'sbialp2\n',NULL,NULL,NULL,0,2,1395148184,1,NULL,NULL),(200,1,651866,10073,1,2,'Ann\n','Harvey\n',NULL,NULL,NULL,'HarveyAK@cardiff.ac.uk\n',NULL,'sbiakh1\n',NULL,NULL,NULL,0,2,1395148184,1,NULL,NULL),(201,1,160256,10073,1,2,'Andrew\n','Stewart\n',NULL,NULL,NULL,'StewartAJ1@cardiff.ac.uk\n',NULL,'sbiajs\n',NULL,NULL,NULL,0,2,1395148184,1,NULL,NULL),(202,1,112687,10073,1,2,'Bonni\n','Crawford\n',NULL,NULL,NULL,'CrawfordBK1@cardiff.ac.uk\n',NULL,'sbi6bkc\n',NULL,NULL,NULL,0,2,1395148184,1,NULL,NULL),(203,1,15158,10073,1,2,'Christopher\n','Laurie\n',NULL,NULL,NULL,'lauriecw@cardiff.ac.uk\n',NULL,'sbi5cwl\n',NULL,NULL,NULL,0,2,1395148184,1,NULL,NULL),(204,1,98401,10073,1,2,'Gaynor\n','Smith\n',NULL,NULL,NULL,'SMITHGA@cardiff.ac.uk\n',NULL,'sbi4gas\n',NULL,NULL,NULL,0,2,1395148184,1,NULL,NULL),(205,1,966043,10073,1,2,'Zao\n','Fan\n',NULL,NULL,NULL,'FanZ3@cardiff.ac.uk\n',NULL,'sapzf1\n',NULL,NULL,NULL,0,2,1395148184,1,NULL,NULL),(206,1,98955,10073,1,2,'Bill\n','Macken\n',NULL,NULL,NULL,'MACKEN@cardiff.ac.uk\n',NULL,'sapwjm\n',NULL,NULL,NULL,0,2,1395148185,1,NULL,NULL),(207,1,233203,10073,1,2,'Veldri\n','Kurniawan\n',NULL,NULL,NULL,'KurniawanV@cardiff.ac.uk\n',NULL,'sapvk\n',NULL,NULL,NULL,0,2,1395148185,1,NULL,NULL),(208,1,310931,10073,1,2,'Tommaso\n','Gili\n',NULL,NULL,NULL,'GiliT@cardiff.ac.uk\n',NULL,'saptg\n',NULL,NULL,NULL,0,2,1395148185,1,NULL,NULL),(209,1,98952,10073,1,2,'Tom\n','Freeman\n',NULL,NULL,NULL,'FREEMANT@cardiff.ac.uk\n',NULL,'saptf\n',NULL,NULL,NULL,0,2,1395148185,1,NULL,NULL),(210,1,327907,10073,1,2,'Timothy\n','Vivian-Griffiths\n',NULL,NULL,NULL,'Vivian-GriffithsTE@cardiff.ac.uk\n',NULL,'saptev\n',NULL,NULL,NULL,0,2,1395148185,1,NULL,NULL),(211,1,1127171,10073,1,2,'Tobias\n','Bracht\n',NULL,NULL,NULL,'BrachtT@cardiff.ac.uk\n',NULL,'saptb2\n',NULL,NULL,NULL,0,2,1395148185,1,NULL,NULL),(212,1,20841,10073,1,2,'Spiro\n','Stathakis\n',NULL,NULL,NULL,'stathakiss@cardiff.ac.uk\n',NULL,'sapss8\n',NULL,NULL,NULL,0,2,1395148185,1,NULL,NULL),(213,1,1056582,10073,1,2,'Sita\n','Deeg\n',NULL,NULL,NULL,'DeegSR@cardiff.ac.uk\n',NULL,'sapsrd\n',NULL,NULL,NULL,0,2,1395148185,1,NULL,NULL),(214,1,1112948,10073,1,2,'Sinead\n','Morrison\n',NULL,NULL,NULL,'MorrisonS@cardiff.ac.uk\n',NULL,'sapsm9\n',NULL,NULL,NULL,0,2,1395148185,1,NULL,NULL),(215,1,21539,10073,1,2,'Suresh\n','Muthukumaraswamy\n',NULL,NULL,NULL,'sdmuthu@cardiff.ac.uk\n',NULL,'sapsm7\n',NULL,NULL,NULL,0,2,1395148185,1,NULL,NULL),(216,1,7954,10073,1,2,'Simon\n','Rushton\n',NULL,NULL,NULL,'RUSHTONSK@cardiff.ac.uk\n',NULL,'sapskr\n',NULL,NULL,NULL,0,2,1395148185,1,NULL,NULL),(217,1,527744,10073,1,2,'Sarah\n','Carrington\n',NULL,NULL,NULL,'CarringtonSJ@cardiff.ac.uk\n',NULL,'sapsjc1\n',NULL,NULL,NULL,0,2,1395148185,1,NULL,NULL),(218,1,437427,10073,1,2,'givenName:: U2nDom4=\n','Robson\n',NULL,NULL,NULL,'RobsonSE@cardiff.ac.uk\n',NULL,'sapseg\n',NULL,NULL,NULL,0,2,1395148185,1,NULL,NULL),(219,1,78158,10073,1,2,'Seralynne\n','Vann\n',NULL,NULL,NULL,'VANNSD@cardiff.ac.uk\n',NULL,'sapsdv\n',NULL,NULL,NULL,0,2,1395148186,1,NULL,NULL),(220,1,552658,10073,1,2,'Silvia\n','De Santis\n',NULL,NULL,NULL,'desantiss@cardiff.ac.uk\n',NULL,'sapsd5\n',NULL,NULL,NULL,0,2,1395148186,1,NULL,NULL),(221,1,268503,10073,1,2,'Sonya\n','Bells\n',NULL,NULL,NULL,'BellsS@cardiff.ac.uk\n',NULL,'sapsb7\n',NULL,NULL,NULL,0,2,1395148186,1,NULL,NULL),(222,1,70626,10073,1,2,'Richard\n','Wise\n',NULL,NULL,NULL,'WiseRG@cardiff.ac.uk\n',NULL,'saprgw\n',NULL,NULL,NULL,0,2,1395148186,1,NULL,NULL),(223,1,406270,10073,1,2,'Robin\n','Carhart-Harris\n',NULL,NULL,NULL,'Carhart-HarrisR@cardiff.ac.uk\n',NULL,'saprc7\n',NULL,NULL,NULL,0,2,1395148186,1,NULL,NULL),(224,1,443736,10073,1,2,'Periklis\n','Trigkas\n',NULL,NULL,NULL,'TrigkasP2@cardiff.ac.uk\n',NULL,'sappt2\n',NULL,NULL,NULL,0,2,1395148186,1,NULL,NULL),(225,1,20700,10073,1,2,'Petroc\n','Sumner\n',NULL,NULL,NULL,'sumnerp@cardiff.ac.uk\n',NULL,'sapps\n',NULL,NULL,NULL,0,2,1395148186,1,NULL,NULL),(226,1,545811,10073,1,2,'Paul\n','Snell\n',NULL,NULL,NULL,'SnellP@cardiff.ac.uk\n',NULL,'sapps2\n',NULL,NULL,NULL,0,2,1395148186,1,NULL,NULL),(227,1,7949,10073,1,2,'Phillip\n','Fayers\n',NULL,NULL,NULL,'FAYERS@cardiff.ac.uk\n',NULL,'sappmf\n',NULL,NULL,NULL,0,2,1395148186,1,NULL,NULL),(228,1,654035,10073,1,2,'Peter\n','Hobden\n',NULL,NULL,NULL,'HobdenP@cardiff.ac.uk\n',NULL,'sapph1\n',NULL,NULL,NULL,0,2,1395148186,1,NULL,NULL),(229,1,148500,10073,1,2,'Natalia\n','Lawrence\n',NULL,NULL,NULL,'LawrenceNS@cardiff.ac.uk\n',NULL,'sapnsl\n',NULL,NULL,NULL,0,2,1395148187,1,NULL,NULL),(230,1,1014391,10073,1,2,'Petsas\n','0#smtp:petsas@gmail.com\n',NULL,NULL,NULL,'sapnp5\n',NULL,'sapnp5\n',NULL,NULL,NULL,0,2,1395148187,1,NULL,NULL),(231,1,1108096,10073,1,2,'Nils\n','Muhlert\n',NULL,NULL,NULL,'MuhlertN@cardiff.ac.uk\n',NULL,'sapnm\n',NULL,NULL,NULL,0,2,1395148187,1,NULL,NULL),(232,1,704917,10073,1,2,'Niklas\n','Ihssen\n',NULL,NULL,NULL,'IhssenN@cardiff.ac.uk\n',NULL,'sapni\n',NULL,NULL,NULL,0,2,1395148187,1,NULL,NULL),(233,1,78145,10073,1,2,'Mia\n','Schmidt-Hansen\n',NULL,NULL,NULL,'SCHMIDTHANSENM1@cardiff.ac.uk\n',NULL,'sapms\n',NULL,NULL,NULL,0,2,1395148187,1,NULL,NULL),(234,1,121889,10073,1,2,'Martin\n','Stuart\n',NULL,NULL,NULL,'StuartM@cardiff.ac.uk\n',NULL,'sapms5\n',NULL,NULL,NULL,0,2,1395148187,1,NULL,NULL),(235,1,1184252,10073,1,2,'Maxence\n','Range\n',NULL,NULL,NULL,'RangeM@cardiff.ac.uk\n',NULL,'sapmr4\n',NULL,NULL,NULL,0,2,1395148187,1,NULL,NULL),(236,1,732425,10073,1,2,'Mark\n','Postans\n',NULL,NULL,NULL,'PostansM@cardiff.ac.uk\n',NULL,'sapmp3\n',NULL,NULL,NULL,0,2,1395148187,1,NULL,NULL),(237,1,233193,10073,1,2,'Marcel\n','Meyer\n',NULL,NULL,NULL,'MeyerM1@cardiff.ac.uk\n',NULL,'sapmm6\n',NULL,NULL,NULL,0,2,1395148187,1,NULL,NULL),(238,1,739152,10073,1,2,'Molly\n','Bright\n',NULL,NULL,NULL,'BrightMG@cardiff.ac.uk\n',NULL,'sapmgb\n',NULL,NULL,NULL,0,2,1395148187,1,NULL,NULL),(239,1,1178198,10073,1,2,'Michael\n','Germuska\n',NULL,NULL,NULL,'GermuskaM@cardiff.ac.uk\n',NULL,'sapmg6\n',NULL,NULL,NULL,0,2,1395148187,1,NULL,NULL),(240,1,993112,10073,1,2,'Damian\n','',NULL,NULL,NULL,'sapmd6\n',NULL,'sapmd6\n',NULL,NULL,NULL,0,2,1395148188,1,NULL,NULL),(241,1,863508,10073,1,2,'Mark\n','Drakesmith\n',NULL,NULL,NULL,'DrakesmithM@cardiff.ac.uk\n',NULL,'sapmd5\n',NULL,NULL,NULL,0,2,1395148188,1,NULL,NULL),(242,1,32763,10073,1,2,'Michael\n','Lewis\n',NULL,NULL,NULL,'LEWISMB@cardiff.ac.uk\n',NULL,'sapmbl\n',NULL,NULL,NULL,0,2,1395148188,1,NULL,NULL),(243,1,0,10073,1,2,'sapmb7\n','Meadhbh\n',NULL,NULL,NULL,'1072514\n',NULL,'sapmb7\n',NULL,NULL,NULL,0,2,1395148188,1,NULL,NULL),(244,1,20838,10073,1,2,'Ley\n','Woolley\n',NULL,NULL,NULL,'woolleyl@cardiff.ac.uk\n',NULL,'saplw1\n',NULL,NULL,NULL,0,2,1395148188,1,NULL,NULL),(245,1,475687,10073,1,2,'Leah\n','Maizey\n',NULL,NULL,NULL,'MaizeyLM@cardiff.ac.uk\n',NULL,'saplmj\n',NULL,NULL,NULL,0,2,1395148188,1,NULL,NULL),(246,1,1153929,10073,1,2,'Magazzini\n','0#smtp:lorenzomagazzini@gmail.com\n',NULL,NULL,NULL,'saplm8\n',NULL,'saplm8\n',NULL,NULL,NULL,0,2,1395148188,1,NULL,NULL),(247,1,325152,10073,1,2,'Loes\n','Koelewijn\n',NULL,NULL,NULL,'KoelewijnL@cardiff.ac.uk\n',NULL,'saplk1\n',NULL,NULL,NULL,0,2,1395148188,1,NULL,NULL),(248,1,91972,10073,1,2,'Lisa\n','Evans\n',NULL,NULL,NULL,'EVANSLH@cardiff.ac.uk\n',NULL,'saplhe\n',NULL,NULL,NULL,0,2,1395148188,1,NULL,NULL),(249,1,303133,10073,1,2,'Luke\n','Dustan\n',NULL,NULL,NULL,'DustanL@cardiff.ac.uk\n',NULL,'sapld4\n',NULL,NULL,NULL,0,2,1395148188,1,NULL,NULL),(250,1,648320,10073,1,2,'Lisa\n','Brindley\n',NULL,NULL,NULL,'Brindley@cardiff.ac.uk\n',NULL,'saplb4\n',NULL,NULL,NULL,0,2,1395148188,1,NULL,NULL),(251,1,880931,10073,1,2,'Katja\n','Umla-Runge\n',NULL,NULL,NULL,'Umla-Runge@cardiff.ac.uk\n',NULL,'sapku\n',NULL,NULL,NULL,0,2,1395148188,1,NULL,NULL),(252,1,122252,10073,1,2,'Kyle\n','Pattinson\n',NULL,NULL,NULL,'PattinsonKT@cardiff.ac.uk\n',NULL,'sapktp\n',NULL,NULL,NULL,0,2,1395148188,1,NULL,NULL),(253,1,122609,10073,1,2,'Kim\n','Graham\n',NULL,NULL,NULL,'GrahamKS@cardiff.ac.uk\n',NULL,'sapksg\n',NULL,NULL,NULL,0,2,1395148188,1,NULL,NULL),(254,1,1137688,10073,1,2,'Mendel\n','',NULL,NULL,NULL,'sapkm3\n',NULL,'sapkm3\n',NULL,NULL,NULL,0,2,1395148189,1,NULL,NULL),(255,1,231682,10073,1,2,'Kevin\n','Murphy\n',NULL,NULL,NULL,'MurphyK2@cardiff.ac.uk\n',NULL,'sapkm2\n',NULL,NULL,NULL,0,2,1395148189,1,NULL,NULL),(256,1,442272,10073,1,2,'Kris\n','Kinsey\n',NULL,NULL,NULL,'KinseyK1@cardiff.ac.uk\n',NULL,'sapkk1\n',NULL,NULL,NULL,0,2,1395148189,1,NULL,NULL),(257,1,305833,10073,1,2,'Karen\n','Lythe\n',NULL,NULL,NULL,'LytheKE@cardiff.ac.uk\n',NULL,'sapkel1\n',NULL,NULL,NULL,0,2,1395148189,1,NULL,NULL),(258,1,6749,10073,1,2,'Krish\n','Singh\n',NULL,NULL,NULL,'singhkd@cardiff.ac.uk\n',NULL,'sapkds\n',NULL,NULL,NULL,0,2,1395148189,1,NULL,NULL),(259,1,1040269,10073,1,2,'Karen\n','Caeyenberghs\n',NULL,NULL,NULL,'CaeyenberghsK@cardiff.ac.uk\n',NULL,'sapkc2\n',NULL,NULL,NULL,0,2,1395148189,1,NULL,NULL),(260,1,1182508,10073,1,2,'Joseph\n','Whittaker\n',NULL,NULL,NULL,'WhittakerJ3@cardiff.ac.uk\n',NULL,'sapjw12\n',NULL,NULL,NULL,0,2,1395148189,1,NULL,NULL),(261,1,1129155,10073,1,2,'Jemma\n','Sedgmond\n',NULL,NULL,NULL,'SedgmondJ@cardiff.ac.uk\n',NULL,'sapjs12\n',NULL,NULL,NULL,0,2,1395148189,1,NULL,NULL),(262,1,1092690,10073,1,2,'Onslow\n','',NULL,NULL,NULL,'sapjo1\n',NULL,'sapjo1\n',NULL,NULL,NULL,0,2,1395148189,1,NULL,NULL),(263,1,1183490,10073,1,2,'Jose Miguel\n','De Bourbon Teles\n',NULL,NULL,NULL,'DeBourbonTelesJM@cardiff.ac.uk\n',NULL,'sapjmd\n',NULL,NULL,NULL,0,2,1395148189,1,NULL,NULL),(264,1,406290,10073,1,2,'Jim\n','Myers\n',NULL,NULL,NULL,'MyersJ@cardiff.ac.uk\n',NULL,'sapjm5\n',NULL,NULL,NULL,0,2,1395148189,1,NULL,NULL);
/*!40000 ALTER TABLE `user` ENABLE KEYS */;
UNLOCK TABLES;
/*!40103 SET TIME_ZONE=@OLD_TIME_ZONE */;

/*!40101 SET SQL_MODE=@OLD_SQL_MODE */;
/*!40014 SET FOREIGN_KEY_CHECKS=@OLD_FOREIGN_KEY_CHECKS */;
/*!40014 SET UNIQUE_CHECKS=@OLD_UNIQUE_CHECKS */;
/*!40101 SET CHARACTER_SET_CLIENT=@OLD_CHARACTER_SET_CLIENT */;
/*!40101 SET CHARACTER_SET_RESULTS=@OLD_CHARACTER_SET_RESULTS */;
/*!40101 SET COLLATION_CONNECTION=@OLD_COLLATION_CONNECTION */;
/*!40111 SET SQL_NOTES=@OLD_SQL_NOTES */;

-- Dump completed on 2014-03-18 19:06:41
